scene,tag,time_ms,control_source,lf_t,lf_r,rf_t,rf_r,lr_t,lr_r,rr_t,rr_r,dm3_online,dm3_err,dm3_rx_count,dm3_pos_deg_x100,dm3_vel_mrad_s,dm3_torque_x100,dm3_tmos,dm3_trotor,dm3_target_deg_x100,stick_x,zdt42_cmd_x10,disc_cmd
pit_escape_demo,LOG,1393193,0,0,0,0,0,0,0,0,0,12,11608,748,-10,-4,60,64,748,0,0,0,0
pit_escape_demo,LOG,1393244,0,0,0,0,0,0,0,0,1,12,11612,748,-32,-2,60,64,748,0,0,0,0
pit_escape_demo,LOG,1393295,0,0,0,0,0,0,0,0,1,12,11619,748,-10,-4,60,64,748,0,0,0,0
pit_escape_demo,LOG,1393346,0,0,0,0,0,0,0,0,1,12,11627,748,-10,-2,60,64,748,0,0,0,0
pit_escape_demo,LOG,1393397,0,0,0,0,0,0,0,0,1,12,11635,748,-10,-2,60,64,748,0,0,0,0
pit_escape_demo,LOG,1393448,0,0,0,0,0,0,0,0,1,12,11643,748,-10,-2,60,64,748,0,0,0,0
pit_escape_demo,LOG,1393499,0,0,0,0,0,0,0,0,1,12,11649,748,-10,-2,60,64,748,0,0,0,0
pit_escape_demo,LOG,1393550,0,0,0,-20,0,0,0,0,1,12,11649,748,-10,-2,60,64,748,0,0,0,0
pit_escape_demo,LOG,1393601,0,0,0,0,0,0,0,0,1,12,11649,748,-10,-2,60,64,748,0,0,0,0
pit_escape_demo,LOG,1393652,0,0,0,0,0,0,0,0,1,12,11649,748,-10,-2,60,64,748,0,0,0,0
pit_escape_demo,LOG,1393703,0,0,0,0,0,0,0,0,1,12,11649,748,-10,-2,60,64,748,0,0,0,0
pit_escape_demo,LOG,1393754,0,0,0,0,0,0,0,0,1,12,11649,748,-10,-2,60,64,748,0,0,0,0
pit_escape_demo,LOG,1393805,0,0,0,0,0,0,0,0,1,12,11649,748,-10,-2,60,64,748,0,0,0,0
pit_escape_demo,LOG,1393856,0,0,0,0,0,0,0,0,1,12,11649,748,-10,-2,60,64,748,0,0,0,0
pit_escape_demo,LOG,1393907,0,0,0,0,0,0,0,0,1,12,11649,748,-10,-2,60,64,748,0,0,0,0
pit_escape_demo,LOG,1393958,0,0,0,0,0,0,0,0,1,12,11649,748,-10,-2,60,64,748,0,0,0,0
pit_escape_demo,LOG,1394009,0,0,0,0,0,0,0,0,0,12,11649,748,-10,-2,60,64,748,0,0,0,0
pit_escape_demo,LOG,1394060,0,0,0,0,0,0,0,0,0,12,11649,748,-10,-2,60,64,748,0,0,0,0
pit_escape_demo,LOG,1394111,0,0,0,0,0,0,0,0,0,12,11649,748,-10,-2,60,64,748,0,0,0,0
pit_escape_demo,LOG,1394162,0,0,0,0,0,0,0,0,0,12,11649,748,-10,-2,60,64,748,0,0,0,0
pit_escape_demo,LOG,1394213,0,0,0,0,0,0,0,0,0,12,11649,748,-10,-2,60,64,748,0,0,0,0
pit_escape_demo,LOG,1394264,0,0,0,0,0,0,0,0,0,12,11649,748,-10,-2,60,64,748,0,0,0,0
pit_escape_demo,LOG,1394315,0,0,0,0,0,0,0,0,0,12,11649,748,-10,-2,60,64,748,0,0,0,0
pit_escape_demo,LOG,1394366,0,0,0,0,0,0,0,0,0,12,11649,748,-10,-2,60,64,748,0,0,0,0
pit_escape_demo,LOG,1394417,0,0,0,0,0,0,0,0,0,12,11649,748,-10,-2,60,64,748,0,0,0,0
pit_escape_demo,LOG,1394468,0,0,0,0,0,0,0,0,0,12,11649,748,-10,-2,60,64,748,0,0,0,0
pit_escape_demo,LOG,1397834,0,0,0,0,0,0,0,-20,1,12,11749,497,-10,0,60,63,497,0,0,0,
pit_escape_demo,LOG,1397885,0,0,0,0,0,0,0,-60,1,12,11756,497,-10,0,60,63,497,0,0,0,
pit_escape_demo,LOG,1397936,0,0,0,0,0,0,0,50,1,12,11764,497,10,0,60,63,497,0,0,0,0
pit_escape_demo,LOG,1397987,0,0,0,0,0,0,0,0,1,12,11766,497,-10,0,60,63,497,0,0,0,0
pit_escape_demo,LOG,1398038,0,0,0,0,0,0,0,0,1,12,11766,497,-10,0,60,63,497,0,0,0,0
pit_escape_demo,LOG,1398089,0,20,0,0,0,0,0,0,1,12,11766,497,-10,0,60,63,497,0,0,0,0
pit_escape_demo,LOG,1398140,0,0,0,0,0,0,0,0,1,12,11766,497,-10,0,60,63,497,0,0,0,0
pit_escape_demo,LOG,1398191,0,0,0,0,0,0,0,0,1,12,11766,497,-10,0,60,63,497,0,0,0,0
pit_escape_demo,LOG,1398242,0,0,0,0,0,0,0,0,1,12,11766,497,-10,0,60,63,497,0,0,0,0
pit_escape_demo,LOG,1398293,0,0,0,0,0,0,0,0,1,12,11766,497,-10,0,60,63,497,0,0,0,0
pit_escape_demo,LOG,1398344,0,0,0,0,0,0,0,0,1,12,11766,497,-10,0,60,63,497,0,0,0,0
pit_escape_demo,LOG,1398395,0,0,0,0,0,0,0,0,1,12,11766,497,-10,0,60,63,497,0,0,0,0
pit_escape_demo,LOG,1398446,0,0,0,0,0,0,0,0,0,12,11766,497,-10,0,60,63,497,0,0,0,0
pit_escape_demo,LOG,1398497,0,0,0,0,0,0,0,0,0,12,11766,497,-10,0,60,63,497,0,0,0,0
pit_escape_demo,LOG,1398548,0,0,0,0,0,0,0,0,0,12,11766,497,-10,0,60,63,497,0,0,0,0
pit_escape_demo,LOG,1398599,0,0,0,0,0,0,0,0,0,12,11766,497,-10,0,60,63,497,0,0,0,0
pit_escape_demo,LOG,1398650,0,0,0,0,0,0,0,0,0,12,11766,497,-10,0,60,63,497,0,0,0,0
pit_escape_demo,LOG,1398701,0,0,0,0,0,0,0,0,0,12,11766,497,-10,0,60,63,497,0,0,0,0
pit_escape_demo,LOG,1398752,0,0,0,0,0,0,0,0,0,12,11766,497,-10,0,60,63,497,0,0,0,0
pit_escape_demo,LOG,1398803,0,0,0,0,0,0,0,0,0,12,11766,497,-10,0,60,63,497,0,0,0,0
pit_escape_demo,LOG,1398854,0,0,0,0,0,0,0,0,0,12,11766,497,-10,0,60,63,497,0,0,0,0
pit_escape_demo,LOG,1398905,0,0,0,0,0,0,0,0,0,12,11766,497,-10,0,60,63,497,0,0,0,0
pit_escape_demo,LOG,1398956,0,0,0,0,0,0,0,0,0,12,11766,497,-10,0,60,63,497,0,0,0,0
pit_escape_demo,LOG,1399007,0,-30,0,0,0,0,0,0,0,12,11766,497,-10,0,60,63,497,0,0,0,0
pit_escape_demo,LOG,1399058,0,0,0,0,0,0,0,0,0,12,11766,497,-10,0,60,63,497,0,0,0,0
pit_escape_demo,LOG,1399109,0,0,0,0,0,0,0,0,0,12,11766,497,-10,0,60,63,497,0,0,0,0
pit_escape_demo,LOG,1399160,0,0,0,0,0,0,0,0,1,12,11767,497,-10,0,60,63,497,0,0,0,0
pit_escape_demo,LOG,1399211,0,0,0,0,0,0,0,0,1,12,11773,497,-10,0,60,63,497,0,0,0,0
pit_escape_demo,LOG,1399262,0,0,0,0,0,0,0,0,1,12,11780,497,-10,0,60,63,497,0,0,0,0
pit_escape_demo,LOG,1399313,0,0,0,0,0,0,0,0,1,12,11788,497,-10,0,60,63,497,0,0,0,0
pit_escape_demo,LOG,1399364,0,0,0,0,0,0,0,0,1,12,11796,497,-10,0,60,63,497,0,0,0,0
pit_escape_demo,LOG,1399415,0,0,0,0,0,0,0,0,1,12,11803,497,-10,0,60,63,497,0,0,0,0
pit_escape_demo,LOG,1399466,0,0,0,0,0,0,0,0,1,12,11804,497,-10,0,60,63,497,0,0,0,0
pit_escape_demo,LOG,1399517,0,0,0,0,0,0,0,0,1,12,11804,497,-10,0,60,63,497,0,0,0,0
pit_escape_demo,LOG,1399568,0,0,0,0,0,0,0,0,1,12,11804,497,-10,0,60,63,497,0,0,0,0
pit_escape_demo,LOG,1399619,0,0,0,0,0,0,0,0,1,12,11804,497,-10,0,60,63,497,0,0,0,0
pit_escape_demo,LOG,1399670,0,0,0,0,0,0,0,0,1,12,11804,497,-10,0,60,63,497,0,0,0,0
pit_escape_demo,LOG,1399721,0,0,0,0,0,0,0,0,1,12,11804,497,-10,0,60,63,497,0,0,0,0
pit_escape_demo,LOG,1399772,0,0,0,0,0,0,0,0,1,12,11804,497,-10,0,60,63,497,0,0,0,0
pit_escape_demo,LOG,1399823,0,0,0,-20,0,0,0,0,1,12,11804,497,-10,0,60,63,497,0,0,0,0
pit_escape_demo,LOG,1399874,0,0,0,0,0,0,0,0,1,12,11804,497,-10,0,60,63,497,0,0,0,0
pit_escape_demo,LOG,1399925,0,0,0,0,0,0,0,0,0,12,11804,497,-10,0,60,63,497,0,0,0,0
pit_escape_demo,LOG,1399976,0,0,0,0,0,0,0,0,0,12,11804,497,-10,0,60,63,497,0,0,0,0
pit_escape_demo,LOG,1400027,0,0,0,0,0,0,0,0,0,12,11804,497,-10,0,60,63,497,0,0,0,0
pit_escape_demo,LOG,1400078,0,0,0,0,0,0,0,0,0,12,11804,497,-10,0,60,63,497,0,0,0,0
pit_escape_demo,LOG,1400129,0,0,0,0,0,0,0,0,0,12,11804,497,-10,0,60,63,497,0,0,0,0
pit_escape_demo,LOG,1400180,0,0,0,0,0,0,0,0,0,12,11804,497,-10,0,60,63,497,0,0,0,0
pit_escape_demo,LOG,1400231,0,0,0,0,0,0,0,0,0,12,11804,497,-10,0,60,63,497,0,0,0,0
pit_escape_demo,LOG,1400282,0,0,0,0,0,0,0,0,0,12,11804,497,-10,0,60,63,497,0,0,0,0
pit_escape_demo,LOG,1400333,0,0,0,0,0,0,0,0,0,12,11804,497,-10,0,60,63,497,0,0,0,0
pit_escape_demo,LOG,1400384,0,0,0,0,0,0,0,0,0,12,11804,497,-10,0,60,63,497,0,0,0,0
pit_escape_demo,LOG,1400435,0,0,0,0,0,0,0,0,0,12,11804,497,-10,0,60,63,497,0,0,0,0
pit_escape_demo,LOG,1400486,0,0,0,0,0,0,0,0,0,12,11804,497,-10,0,60,63,497,0,0,0,0
pit_escape_demo,LOG,1400537,0,0,0,0,0,0,0,0,0,12,11804,497,-10,0,60,63,497,0,0,0,0
pit_escape_demo,LOG,1400588,0,0,0,0,0,0,0,0,0,12,11804,497,-10,0,60,63,497,0,0,0,0
pit_escape_demo,LOG,1400639,0,0,0,0,0,0,0,0,0,12,11804,497,-10,0,60,63,497,0,0,0,0
pit_escape_demo,LOG,1400690,0,0,0,0,0,0,0,0,1,12,11810,497,-10,0,60,63,497,0,0,0,0
pit_escape_demo,LOG,1400741,0,0,0,0,0,0,0,0,1,12,11817,497,-10,0,60,63,497,0,0,0,0
pit_escape_demo,LOG,1400792,0,0,0,0,0,0,0,0,1,12,11825,497,-10,0,60,63,497,0,0,0,0
pit_escape_demo,LOG,1400843,0,0,0,0,0,0,0,0,1,12,11833,497,10,0,60,63,497,0,0,0,0
pit_escape_demo,LOG,1400894,0,0,0,0,0,0,0,0,1,12,11840,497,-10,0,60,63,497,0,0,0,0
pit_escape_demo,LOG,1400945,0,0,0,0,0,0,0,0,1,12,11844,497,-10,0,60,63,497,0,0,0,0
pit_escape_demo,LOG,1400996,0,0,0,0,0,0,0,0,1,12,11844,497,-10,0,60,63,497,0,0,0,0
pit_escape_demo,LOG,1401047,0,0,0,0,0,0,0,0,1,12,11844,497,-10,0,60,63,497,0,0,0,0
pit_escape_demo,LOG,1401098,0,0,0,0,0,0,0,0,1,12,11844,497,-10,0,60,63,497,0,0,0,0
pit_escape_demo,LOG,1401149,0,0,0,0,0,0,0,0,1,12,11844,497,-10,0,60,63,497,0,0,0,0
pit_escape_demo,LOG,1401200,0,0,0,0,0,0,0,0,1,12,11844,497,-10,0,60,63,497,0,0,0,0
pit_escape_demo,LOG,1401251,0,0,0,0,0,0,0,0,1,12,11844,497,-10,0,60,63,497,0,0,0,0
pit_escape_demo,LOG,1401302,0,0,0,0,0,0,0,0,1,12,11844,497,-10,0,60,63,497,0,0,0,0
pit_escape_demo,LOG,1401353,0,0,0,0,0,0,0,0,1,12,11844,497,-10,0,60,63,497,0,0,0,0
pit_escape_demo,LOG,1401404,0,0,0,0,0,0,0,0,1,12,11844,497,-10,0,60,63,497,0,0,0,0
pit_escape_demo,LOG,1401455,0,0,0,0,0,0,0,0,0,12,11844,497,-10,0,60,63,497,0,0,0,0
pit_escape_demo,LOG,1401506,0,0,0,0,0,0,0,0,0,12,11844,497,-10,0,60,63,497,0,0,0,0
pit_escape_demo,LOG,1401557,0,0,0,0,0,0,0,0,0,12,11844,497,-10,0,60,63,497,0,0,0,0
pit_escape_demo,LOG,1401608,0,0,0,0,0,0,0,0,0,12,11844,497,-10,0,60,63,497,0,0,0,0
pit_escape_demo,LOG,1401659,0,0,0,0,0,0,0,0,0,12,11844,497,-10,0,60,63,497,0,0,0,0
pit_escape_demo,LOG,1401710,0,0,0,0,0,0,0,0,0,12,11844,497,-10,0,60,63,497,0,0,0,0
pit_escape_demo,LOG,1401761,0,0,0,50,0,0,0,0,0,12,11844,497,-10,0,60,63,497,0,0,0,0
pit_escape_demo,LOG,1401812,0,0,0,0,0,0,0,0,0,12,11844,497,-10,0,60,63,497,0,0,0,0
pit_escape_demo,LOG,1401863,0,0,0,0,0,0,0,0,0,12,11844,497,-10,0,60,63,497,0,0,0,0
pit_escape_demo,LOG,1401914,0,0,0,0,0,0,0,0,0,12,11844,497,-10,0,60,63,497,0,0,0,0
pit_escape_demo,LOG,1401965,0,0,0,0,0,0,0,0,0,12,11844,497,-10,0,60,63,497,0,0,0,0
pit_escape_demo,LOG,1402016,0,0,0,0,0,0,0,0,0,12,11844,497,-10,0,60,63,497,0,0,0,0
pit_escape_demo,LOG,1402067,0,0,0,0,0,0,0,0,0,12,11844,497,-10,0,60,63,497,0,0,0,0
pit_escape_demo,LOG,1402118,0,0,0,0,0,0,0,0,0,12,11844,497,-10,0,60,63,497,0,0,0,0
pit_escape_demo,LOG,1402169,0,0,0,0,0,0,0,0,1,12,11850,497,-32,0,60,63,497,0,0,0,0
pit_escape_demo,LOG,1402220,0,0,0,0,0,0,0,0,1,12,11856,497,-10,0,60,63,497,0,0,0,0
pit_escape_demo,LOG,1402271,0,0,0,0,0,0,0,0,1,12,11864,497,-10,0,60,63,497,0,0,0,0
pit_escape_demo,LOG,1402322,0,0,0,0,0,0,0,0,1,12,11872,497,-10,0,60,63,497,0,0,0,0
pit_escape_demo,LOG,1402373,0,0,0,0,0,0,0,0,1,12,11880,497,-10,0,60,63,497,0,0,0,0
pit_escape_demo,LOG,1402424,0,0,0,0,0,0,0,0,1,12,11882,497,-10,0,60,63,497,0,0,0,0
pit_escape_demo,LOG,1402475,0,0,0,0,0,0,0,0,1,12,11882,497,-10,0,60,63,497,0,0,0,0
pit_escape_demo,LOG,1402526,0,0,0,0,0,0,0,0,1,12,11882,497,-10,0,60,63,497,0,0,0,0
pit_escape_demo,LOG,1402577,0,0,0,0,0,0,0,0,1,12,11882,497,-10,0,60,63,497,0,0,0,0
pit_escape_demo,LOG,1402628,0,0,0,0,0,0,0,0,1,12,11882,497,-10,0,60,63,497,0,0,0,0
pit_escape_demo,LOG,1402679,0,-30,0,0,0,0,0,0,1,12,11882,497,-10,0,60,63,497,0,0,0,0
pit_escape_demo,LOG,1402730,0,0,0,0,0,0,0,0,1,12,11882,497,-10,0,60,63,497,0,0,0,0
pit_escape_demo,LOG,1402781,0,0,0,0,0,0,0,0,1,12,11882,497,-10,0,60,63,497,0,0,0,0
pit_escape_demo,LOG,1402832,0,0,0,0,0,0,0,0,1,12,11882,497,-10,0,60,63,497,0,0,0,0
pit_escape_demo,LOG,1402883,0,0,0,0,0,0,0,0,1,12,11882,497,-10,0,60,63,497,0,0,0,0
pit_escape_demo,LOG,1402934,0,0,0,0,0,0,0,0,0,12,11882,497,-10,0,60,63,497,0,0,0,0
pit_escape_demo,LOG,1402985,0,0,0,0,0,0,0,0,0,12,11882,497,-10,0,60,63,497,0,0,0,0
pit_escape_demo,LOG,1403036,0,0,0,0,0,0,0,0,0,12,11882,497,-10,0,60,63,497,0,0,0,0
pit_escape_demo,LOG,1403087,0,0,0,0,0,0,0,0,0,12,11882,497,-10,0,60,63,497,0,0,0,0
pit_escape_demo,LOG,1403138,0,0,0,0,0,0,0,0,0,12,11882,497,-10,0,60,63,497,0,0,0,0
pit_escape_demo,LOG,1403189,0,0,0,0,0,0,0,0,0,12,11882,497,-10,0,60,63,497,0,0,0,0
pit_escape_demo,LOG,1403240,0,0,0,0,0,0,0,0,0,12,11882,497,-10,0,60,63,497,0,0,0,0
pit_escape_demo,LOG,1403291,0,0,0,0,0,0,0,0,0,12,11882,497,-10,0,60,63,497,0,0,0,0
pit_escape_demo,LOG,1403342,0,0,0,0,0,0,0,0,0,12,11882,497,-10,0,60,63,497,0,0,0,0
pit_escape_demo,LOG,1403393,0,0,0,0,0,0,0,0,0,12,11882,497,-10,0,60,63,497,0,0,0,0
pit_escape_demo,LOG,1403444,0,0,0,30,0,0,0,0,0,12,11882,497,-10,0,60,63,497,0,0,0,0
pit_escape_demo,LOG,1403495,0,0,0,0,0,0,0,0,0,12,11882,497,-10,0,60,63,497,0,0,0,0
pit_escape_demo,LOG,1403546,0,0,0,0,0,0,0,0,0,12,11882,497,-10,0,60,63,497,0,0,0,0
pit_escape_demo,LOG,1403597,0,0,0,0,0,0,0,0,0,12,11882,497,-10,0,60,63,497,0,0,0,0
pit_escape_demo,LOG,1403648,0,0,0,0,0,0,0,0,1,12,11888,497,-32,0,60,63,497,0,0,0,0
pit_escape_demo,LOG,1403699,0,0,0,0,0,0,0,0,1,12,11895,497,-10,0,60,63,497,0,0,0,0
pit_escape_demo,LOG,1403750,0,0,0,0,0,0,0,0,1,12,11903,497,-10,0,60,63,497,0,0,0,0
pit_escape_demo,LOG,1403801,0,-30,0,0,0,0,0,0,1,12,11911,497,-10,0,60,63,497,0,0,0,
pit_escape_demo,LOG,1403852,0,0,0,0,0,0,0,0,1,12,11919,497,-10,0,60,63,497,0,0,0,0
pit_escape_demo,LOG,1403903,0,0,0,0,0,0,0,0,1,12,11922,497,-10,0,60,63,497,0,0,0,0
pit_escape_demo,LOG,1403954,0,0,0,0,0,0,0,0,1,12,11922,497,-10,0,60,63,497,0,0,0,0
pit_escape_demo,LOG,1404005,0,0,0,0,0,0,0,0,1,12,11922,497,-10,0,60,63,497,0,0,0,0
pit_escape_demo,LOG,1404056,0,0,0,0,0,0,0,0,1,12,11922,497,-10,0,60,63,497,0,0,0,0
pit_escape_demo,LOG,1404107,0,0,0,30,0,0,0,0,1,12,11922,497,-10,0,60,63,497,0,0,0,0
pit_escape_demo,LOG,1404158,0,0,0,0,0,0,0,0,1,12,11922,497,-10,0,60,63,497,0,0,0,0
pit_escape_demo,LOG,1404209,0,0,0,0,0,0,0,0,1,12,11922,497,-10,0,60,63,497,0,0,0,0
pit_escape_demo,LOG,1404260,0,0,0,0,0,0,0,0,1,12,11922,497,-10,0,60,63,497,0,0,0,0
pit_escape_demo,LOG,1404311,0,0,0,0,0,0,0,0,1,12,11922,497,-10,0,60,63,497,0,0,0,0
pit_escape_demo,LOG,1404362,0,0,0,0,0,0,0,0,1,12,11922,497,-10,0,60,63,497,0,0,0,0
pit_escape_demo,LOG,1404413,0,0,0,0,0,0,0,0,0,12,11922,497,-10,0,60,63,497,0,0,0,0
pit_escape_demo,LOG,1404464,0,0,0,0,0,0,0,0,0,12,11922,497,-10,0,60,63,497,0,0,0,0
pit_escape_demo,LOG,1404515,0,-30,0,0,0,0,0,0,0,12,11922,497,-10,0,60,63,497,0,0,0,0
pit_escape_demo,LOG,1404566,0,0,0,0,0,0,0,0,0,12,11922,497,-10,0,60,63,497,0,0,0,0
pit_escape_demo,LOG,1404617,0,0,0,0,0,0,0,0,0,12,11922,497,-10,0,60,63,497,0,0,0,0
pit_escape_demo,LOG,1404668,0,0,0,0,0,0,0,0,0,12,11922,497,-10,0,60,63,497,0,0,0,0
pit_escape_demo,LOG,1404719,0,0,0,0,0,0,0,0,0,12,11922,497,-10,0,60,63,497,0,0,0,0
pit_escape_demo,LOG,1404770,0,0,0,0,0,0,0,0,0,12,11922,497,-10,0,60,63,497,0,0,0,0
pit_escape_demo,LOG,1404821,0,0,0,0,0,0,0,0,0,12,11922,497,-10,0,60,63,497,0,0,0,0
pit_escape_demo,LOG,1404872,0,0,0,0,0,0,0,0,0,12,11922,497,-10,0,60,63,497,0,0,0,0
pit_escape_demo,LOG,1404923,0,0,0,0,0,0,0,0,0,12,11922,497,-10,0,60,63,497,0,0,0,0
pit_escape_demo,LOG,1404974,0,0,0,0,0,0,0,0,0,12,11922,497,-10,0,60,63,497,0,0,0,0
pit_escape_demo,LOG,1405025,0,0,0,0,0,0,0,0,0,12,11922,497,-10,0,60,63,497,0,0,0,0
pit_escape_demo,LOG,1405076,0,0,0,0,0,0,0,0,0,12,11922,497,-10,0,60,63,497,0,0,0,0
pit_escape_demo,LOG,1405127,0,0,0,30,0,0,0,0,1,12,11927,497,-32,0,60,63,497,0,0,0,0
pit_escape_demo,LOG,1405178,0,0,0,0,0,0,0,0,1,12,11935,497,10,0,60,63,497,0,0,0,0
pit_escape_demo,LOG,1405229,0,0,0,0,0,0,0,0,1,12,11942,497,-10,0,60,63,497,0,0,0,0
pit_escape_demo,LOG,1405280,0,0,0,0,0,0,0,0,1,12,11950,497,-10,0,60,63,497,0,0,0,0
pit_escape_demo,LOG,1405331,0,0,0,0,0,0,0,0,1,12,11958,497,10,0,60,63,497,0,0,0,0
pit_escape_demo,LOG,1405382,0,0,0,0,0,0,0,0,1,12,11963,497,-10,0,60,63,497,0,0,0,0
pit_escape_demo,LOG,1405433,0,0,0,0,0,0,0,0,1,12,11963,497,-10,0,60,63,497,0,0,0,0
pit_escape_demo,LOG,1405484,0,0,0,0,0,0,0,0,1,12,11963,497,-10,0,60,63,497,0,0,0,0
pit_escape_demo,LOG,1405535,0,0,0,0,0,0,0,0,1,12,11963,497,-10,0,60,63,497,0,0,0,0
pit_escape_demo,LOG,1405586,0,0,0,0,0,0,0,0,1,12,11963,497,-10,0,60,63,497,0,0,0,0
pit_escape_demo,LOG,1405637,0,0,0,0,0,0,0,0,1,12,11963,497,-10,0,60,63,497,0,0,0,0
pit_escape_demo,LOG,1405688,0,0,0,0,0,0,0,0,1,12,11963,497,-10,0,60,63,497,0,0,0,0
pit_escape_demo,LOG,1405739,0,0,0,0,0,0,0,0,1,12,11963,497,-10,0,60,63,497,0,0,0,0
pit_escape_demo,LOG,1405790,0,0,0,0,0,0,0,0,1,12,11963,497,-10,0,60,63,497,0,0,0,0
pit_escape_demo,LOG,1405841,0,0,0,0,0,0,0,0,1,12,11963,497,-10,0,60,63,497,0,0,0,0
pit_escape_demo,LOG,1405892,0,0,0,0,0,0,0,0,0,12,11963,497,-10,0,60,63,497,0,0,0,0
pit_escape_demo,LOG,1405943,0,0,0,0,0,0,0,0,0,12,11963,497,-10,0,60,63,497,0,0,0,0
pit_escape_demo,LOG,1405994,0,0,0,0,0,0,0,0,0,12,11963,497,-10,0,60,63,497,0,0,0,0
pit_escape_demo,LOG,1406045,0,0,0,0,0,0,0,0,0,12,11963,497,-10,0,60,63,497,0,0,0,0
pit_escape_demo,LOG,1406096,0,0,0,0,0,0,0,0,0,12,11963,497,-10,0,60,63,497,0,0,0,0
pit_escape_demo,LOG,1406147,0,0,0,0,0,0,0,0,0,12,11963,497,-10,0,60,63,497,0,0,0,0
pit_escape_demo,LOG,1406198,0,0,0,0,0,0,0,0,0,12,11963,497,-10,0,60,63,497,0,0,0,0
pit_escape_demo,LOG,1406249,0,0,0,0,0,0,0,0,0,12,11963,497,-10,0,60,63,497,0,0,0,0
pit_escape_demo,LOG,1406300,0,0,0,0,0,0,0,0,0,12,11963,497,-10,0,60,63,497,0,0,0,0
pit_escape_demo,LOG,1406351,0,0,0,0,0,0,0,0,0,12,11963,497,-10,0,60,63,497,0,0,0,0
pit_escape_demo,LOG,1406402,0,0,0,0,0,0,0,0,0,12,11963,497,-10,0,60,63,497,0,0,0,0
pit_escape_demo,LOG,1406453,0,0,0,0,0,0,0,0,0,12,11963,497,-10,0,60,63,497,0,0,0,0
pit_escape_demo,LOG,1406504,0,0,0,0,0,0,0,0,0,12,11963,497,-10,0,60,63,497,0,0,0,0
pit_escape_demo,LOG,1406555,0,0,0,0,0,0,0,0,0,12,11963,497,-10,0,60,63,497,0,0,0,0
pit_escape_demo,LOG,1406606,0,0,0,0,0,0,0,0,1,12,11967,497,-10,0,60,63,497,0,0,0,0
pit_escape_demo,LOG,1406657,0,0,0,0,0,0,0,0,1,12,11975,497,10,0,60,63,497,0,0,0,0
pit_escape_demo,LOG,1406708,0,0,0,0,0,0,0,0,1,12,11983,497,-10,0,60,63,497,0,0,0,0
pit_escape_demo,LOG,1406759,0,0,0,0,0,0,0,0,1,12,11990,497,-32,0,60,63,497,0,0,0,0
pit_escape_demo,LOG,1406810,0,0,0,0,0,0,0,0,1,12,11998,497,-10,0,60,63,497,0,0,0,0
pit_escape_demo,LOG,1406861,0,0,0,0,0,0,0,0,1,12,12004,497,10,0,60,63,497,0,0,0,0
pit_escape_demo,LOG,1406912,0,0,0,0,0,0,0,0,1,12,12004,497,10,0,60,63,497,0,0,0,0
pit_escape_demo,LOG,1406963,0,0,0,0,0,0,0,0,1,12,12004,497,10,0,60,63,497,0,0,0,0
pit_escape_demo,LOG,1407014,0,0,0,0,0,0,0,0,1,12,12004,497,10,0,60,63,497,0,0,0,0
pit_escape_demo,LOG,1407065,0,0,0,0,0,0,0,0,1,12,12004,497,10,0,60,63,497,0,0,0,0
pit_escape_demo,LOG,1407116,0,0,0,0,0,0,0,0,1,12,12004,497,10,0,60,63,497,0,0,0,0
pit_escape_demo,LOG,1407167,0,0,0,30,0,0,0,0,1,12,12004,497,10,0,60,63,497,0,0,0,0
pit_escape_demo,LOG,1407218,0,0,0,0,0,0,0,0,1,12,12004,497,10,0,60,63,497,0,0,0,0
pit_escape_demo,LOG,1407269,0,0,0,0,0,0,0,0,1,12,12004,497,10,0,60,63,497,0,0,0,0
pit_escape_demo,LOG,1407320,0,0,0,0,0,0,0,0,1,12,12004,497,10,0,60,63,497,0,0,0,0
pit_escape_demo,LOG,1407371,0,0,0,0,0,0,0,0,0,12,12004,497,10,0,60,63,497,0,0,0,0
pit_escape_demo,LOG,1407422,0,0,0,0,0,0,0,0,0,12,12004,497,10,0,60,63,497,0,0,0,0
pit_escape_demo,LOG,1407473,0,-30,0,0,0,0,0,0,0,12,12004,497,10,0,60,63,497,0,0,0,0
pit_escape_demo,LOG,1407524,0,0,0,0,0,0,0,0,0,12,12004,497,10,0,60,63,497,0,0,0,0
pit_escape_demo,LOG,1407575,0,0,0,0,0,0,0,0,0,12,12004,497,10,0,60,63,497,0,0,0,0
pit_escape_demo,LOG,1407626,0,0,0,30,0,0,0,0,0,12,12004,497,10,0,60,63,497,0,0,0,0
pit_escape_demo,LOG,1407677,0,0,0,0,0,20,0,0,0,12,12004,497,10,0,60,63,497,0,0,0,0
pit_escape_demo,LOG,1407728,0,0,0,0,0,0,0,0,0,12,12004,497,10,0,60,63,497,0,0,0,0
pit_escape_demo,LOG,1407779,0,0,0,0,0,0,0,0,0,12,12004,497,10,0,60,63,497,0,0,0,0
pit_escape_demo,LOG,1407830,0,0,0,0,0,0,0,0,0,12,12004,497,10,0,60,63,497,0,0,0,0
pit_escape_demo,LOG,1407881,0,-50,0,0,0,0,0,0,0,12,12004,497,10,0,60,63,497,0,0,0,0
pit_escape_demo,LOG,1407932,0,0,0,30,0,0,0,0,0,12,12004,497,10,0,60,63,497,0,0,0,0
pit_escape_demo,LOG,1407983,0,0,0,0,0,0,0,0,0,12,12004,497,10,0,60,63,497,0,0,0,0
pit_escape_demo,LOG,1408034,0,0,0,30,0,-30,0,0,0,12,12004,497,10,0,60,63,497,0,0,0,0
pit_escape_demo,LOG,1408085,0,0,0,0,0,0,0,0,1,12,12005,497,-32,0,60,62,497,0,0,0,0
pit_escape_demo,LOG,1408136,0,0,0,0,0,0,0,0,1,12,12013,497,-32,0,60,62,497,0,0,0,0
pit_escape_demo,LOG,1408187,0,0,0,0,0,0,0,0,1,12,12021,497,10,0,60,62,497,0,0,0,0
pit_escape_demo,LOG,1408238,0,0,0,0,0,0,0,0,1,12,12029,497,-10,0,60,62,497,0,0,0,0
pit_escape_demo,LOG,1408289,0,0,0,0,0,0,0,0,1,12,12036,497,-10,0,60,62,497,0,0,0,0
pit_escape_demo,LOG,1408340,0,0,0,0,0,0,0,0,1,12,12042,497,-10,0,60,62,497,0,0,0,0
pit_escape_demo,LOG,1408391,0,0,0,0,0,0,0,0,1,12,12042,497,-10,0,60,62,497,0,0,0,0
pit_escape_demo,LOG,1408442,0,0,0,0,0,0,0,0,1,12,12042,497,-10,0,60,62,497,0,0,0,0
pit_escape_demo,LOG,1408493,0,-30,0,0,0,0,0,0,1,12,12042,497,-10,0,60,62,497,0,0,0,0
pit_escape_demo,LOG,1408544,0,0,0,0,0,0,0,0,1,12,12042,497,-10,0,60,62,497,0,0,0,0
pit_escape_demo,LOG,1408595,0,0,0,0,0,0,0,0,1,12,12042,497,-10,0,60,62,497,0,0,0,0
pit_escape_demo,LOG,1408646,0,0,0,0,0,0,0,0,1,12,12042,497,-10,0,60,62,497,0,0,0,0
pit_escape_demo,LOG,1408697,0,-70,0,0,0,20,0,0,1,12,12042,497,-10,0,60,62,497,0,0,0,0
pit_escape_demo,LOG,1408748,0,0,0,0,0,0,0,0,1,12,12042,497,-10,0,60,62,497,0,0,0,0
pit_escape_demo,LOG,1408799,0,0,0,0,0,0,0,0,1,12,12042,497,-10,0,60,62,497,0,0,0,0
pit_escape_demo,LOG,1408850,0,-30,0,30,0,0,0,0,0,12,12042,497,-10,0,60,62,497,0,0,0,0
pit_escape_demo,LOG,1408901,0,-30,0,0,0,0,0,0,0,12,12042,497,-10,0,60,62,497,0,0,0,0
pit_escape_demo,LOG,1408952,0,-30,0,0,0,0,0,0,0,12,12042,497,-10,0,60,62,497,0,0,0,0
pit_escape_demo,LOG,1409003,0,0,0,0,0,0,0,0,0,12,12042,497,-10,0,60,62,497,0,0,0,0
pit_escape_demo,LOG,1409054,0,0,0,0,0,0,0,0,0,12,12042,497,-10,0,60,62,497,0,0,0,0
pit_escape_demo,LOG,1409105,0,0,0,0,0,0,0,0,0,12,12042,497,-10,0,60,62,497,0,0,0,0
pit_escape_demo,LOG,1409156,0,0,0,0,0,0,0,0,0,12,12042,497,-10,0,60,62,497,0,0,0,0
pit_escape_demo,LOG,1409207,0,0,0,0,0,0,0,0,0,12,12042,497,-10,0,60,62,497,0,0,0,0
pit_escape_demo,LOG,1409258,0,-30,0,0,0,0,0,0,0,12,12042,497,-10,0,60,62,497,0,0,0,0
pit_escape_demo,LOG,1409309,0,0,0,0,0,0,0,0,0,12,12042,497,-10,0,60,62,497,0,0,0,0
pit_escape_demo,LOG,1409360,0,-30,0,0,0,20,0,0,0,12,12042,497,-10,0,60,62,497,0,0,0,0
pit_escape_demo,LOG,1409411,0,-30,0,0,0,20,0,0,0,12,12042,497,-10,0,60,62,497,0,0,0,0
pit_escape_demo,LOG,1409462,0,-30,0,0,0,20,0,0,0,12,12042,497,-10,0,60,62,497,0,0,0,0
pit_escape_demo,LOG,1409513,0,-50,0,0,0,20,0,0,0,12,12042,497,-10,0,60,62,497,0,0,0,0
pit_escape_demo,LOG,1409564,0,0,0,0,0,20,0,0,1,12,12043,497,-10,0,60,62,497,0,0,0,0
pit_escape_demo,LOG,1409615,0,-30,0,0,0,0,0,0,1,12,12050,497,-10,0,60,62,497,0,0,0,
pit_escape_demo,LOG,1409666,0,0,0,0,0,0,0,0,1,12,12058,497,-10,0,60,62,497,0,0,0,0
pit_escape_demo,LOG,1409717,0,0,0,0,0,0,0,0,1,12,12066,497,-10,0,60,62,497,0,0,0,0
pit_escape_demo,LOG,1409768,0,0,0,0,0,0,0,0,1,12,12074,497,-10,0,60,62,497,0,0,0,0
pit_escape_demo,LOG,1409819,0,0,0,0,0,0,0,0,1,12,12080,497,-10,0,60,62,497,0,0,0,0
pit_escape_demo,LOG,1409870,0,0,0,0,0,0,0,0,1,12,12082,497,-10,0,60,62,497,0,0,0,0
pit_escape_demo,LOG,1409921,0,0,0,0,0,0,0,0,1,12,12082,497,-10,0,60,62,497,0,0,0,0
pit_escape_demo,LOG,1409972,0,0,0,0,0,0,0,0,1,12,12082,497,-10,0,60,62,497,0,0,0,0
pit_escape_demo,LOG,1410023,0,0,0,30,0,0,0,0,1,12,12082,497,-10,0,60,62,497,0,0,0,0
pit_escape_demo,LOG,1410227,0,0,0,0,0,0,0,50,1,12,12082,497,-10,0,60,62,497,0,0,0,0
pit_escape_demo,LOG,1410278,0,0,0,0,0,0,0,0,1,12,12082,497,-10,0,60,62,497,0,0,0,0
pit_escape_demo,LOG,1411808,0,0,0,30,0,40,0,70,0,12,12119,497,10,0,60,62,497,0,0,0,0
pit_escape_demo,LOG,1411859,0,0,0,30,0,20,0,-790,0,12,12119,497,10,0,60,62,497,0,0,0,
pit_escape_demo,LOG,1411910,0,0,0,0,0,0,0,0,0,12,12119,497,10,0,60,62,497,0,0,0,0
pit_escape_demo,LOG,1411961,0,0,0,0,0,0,0,30,0,12,12119,497,10,0,60,62,497,0,0,0,0
pit_escape_demo,LOG,1412012,0,0,0,0,0,0,0,0,0,12,12119,497,10,0,60,62,497,0,0,0,0
pit_escape_demo,LOG,1412063,0,0,0,0,0,20,0,0,0,12,12119,497,10,0,60,62,497,0,0,0,0
pit_escape_demo,LOG,1412114,0,0,0,0,0,0,0,0,0,12,12119,497,10,0,60,62,497,0,0,0,0
pit_escape_demo,LOG,1412165,0,0,0,0,0,0,0,0,0,12,12119,497,10,0,60,62,497,0,0,0,0
pit_escape_demo,LOG,1412216,0,0,0,0,0,0,0,0,0,12,12119,497,10,0,60,62,497,0,0,0,0
pit_escape_demo,LOG,1412267,0,0,0,0,0,0,0,0,0,12,12119,497,10,0,60,62,497,0,0,0,0
pit_escape_demo,LOG,1412318,0,0,0,0,0,0,0,0,0,12,12119,497,10,0,60,62,497,0,0,0,0
pit_escape_demo,LOG,1412369,0,0,0,0,0,0,0,0,0,12,12119,497,10,0,60,62,497,0,0,0,0
pit_escape_demo,LOG,1412420,0,0,0,0,0,0,0,0,0,12,12119,497,10,0,60,62,497,0,0,0,0
pit_escape_demo,LOG,1412471,0,0,0,50,0,-30,0,0,0,12,12119,497,10,0,60,62,497,0,0,0,0
pit_escape_demo,LOG,1412522,0,0,0,0,0,0,0,0,0,12,12119,497,10,0,60,62,497,0,0,0,0
pit_escape_demo,LOG,1412573,0,0,0,0,0,0,0,0,1,12,12126,499,-10,0,60,62,499,0,0,0,0
pit_escape_demo,LOG,1412624,0,0,0,0,0,0,0,0,1,12,12133,499,-10,0,60,62,499,0,0,0,0
pit_escape_demo,LOG,1412675,0,0,0,30,0,0,0,0,1,12,12141,499,10,0,60,62,499,0,0,0,0
pit_escape_demo,LOG,1412726,0,0,0,0,0,0,0,0,1,12,12149,499,-10,0,60,62,499,0,0,0,0
pit_escape_demo,LOG,1412777,0,0,0,0,0,0,0,0,1,12,12157,499,10,0,60,62,499,0,0,0,0
pit_escape_demo,LOG,1412828,0,0,0,0,0,0,0,0,1,12,12159,499,-10,0,60,62,499,0,0,0,0
pit_escape_demo,LOG,1412879,0,0,0,0,0,0,0,0,1,12,12159,499,-10,0,60,62,499,0,0,0,0
pit_escape_demo,LOG,1412930,0,0,0,0,0,0,0,0,1,12,12159,499,-10,0,60,62,499,0,0,0,0
pit_escape_demo,LOG,1412981,0,0,0,30,0,0,0,0,1,12,12159,499,-10,0,60,62,499,0,0,0,0
pit_escape_demo,LOG,1413032,0,0,0,50,0,20,0,0,1,12,12159,499,-10,0,60,62,499,0,0,0,0
pit_escape_demo,LOG,1413083,0,0,0,0,0,20,0,0,1,12,12159,499,-10,0,60,62,499,0,0,0,0
pit_escape_demo,LOG,1413134,0,0,0,0,0,0,0,0,1,12,12159,499,-10,0,60,62,499,0,0,0,0
pit_escape_demo,LOG,1413185,0,-30,0,0,0,0,0,0,1,12,12159,499,-10,0,60,62,499,0,0,0,0
pit_escape_demo,LOG,1413236,0,0,0,0,0,0,0,0,1,12,12159,499,-10,0,60,62,499,0,0,0,0
pit_escape_demo,LOG,1413287,0,0,0,0,0,0,0,0,0,12,12159,499,-10,0,60,62,499,0,0,0,0
pit_escape_demo,LOG,1413338,0,0,0,0,0,0,0,0,0,12,12159,499,-10,0,60,62,499,0,0,0,0
pit_escape_demo,LOG,1413389,0,0,0,0,0,0,0,0,0,12,12159,499,-10,0,60,62,499,0,0,0,0
pit_escape_demo,LOG,1413440,0,0,0,0,0,0,0,0,0,12,12159,499,-10,0,60,62,499,0,0,0,0
pit_escape_demo,LOG,1413491,0,0,0,0,0,0,0,0,0,12,12159,499,-10,0,60,62,499,0,0,0,0
pit_escape_demo,LOG,1413542,0,0,0,0,0,0,0,0,0,12,12159,499,-10,0,60,62,499,0,0,0,0
pit_escape_demo,LOG,1413593,0,-30,0,0,0,20,0,0,0,12,12159,499,-10,0,60,62,499,0,0,0,0
pit_escape_demo,LOG,1413644,0,0,0,0,0,0,0,0,0,12,12159,499,-10,0,60,62,499,0,0,0,0
pit_escape_demo,LOG,1413695,0,0,0,0,0,20,0,0,0,12,12159,499,-10,0,60,62,499,0,0,0,0
pit_escape_demo,LOG,1413746,0,-110,0,0,0,80,0,0,0,12,12159,499,-10,0,60,62,499,0,0,0,
pit_escape_demo,LOG,1413899,0,-280,0,0,0,20,0,0,0,12,12159,499,-10,0,60,62,499,0,0,0,
pit_escape_demo,LOG,1413950,0,-280,0,0,0,0,0,0,0,12,12159,499,-10,0,60,62,499,0,0,0,0
pit_escape_demo,LOG,1414256,0,-380,0,0,0,0,0,0,1,12,12202,503,10,2,60,62,503,0,0,0,
pit_escape_demo,LOG,1414307,0,-280,0,0,0,20,0,0,1,12,12205,503,-10,2,60,62,503,0,0,0,
pit_escape_demo,LOG,1414358,0,-300,0,0,0,0,0,0,1,12,12205,503,-10,2,60,62,503,0,0,0,0
pit_escape_demo,LOG,1414460,0,-90,0,0,0,40,0,0,1,12,12205,503,-10,2,60,62,503,0,0,0,0
pit_escape_demo,LOG,1414511,0,-210,0,0,0,20,0,0,1,12,12205,503,-10,2,60,62,503,0,0,0,
pit_escape_demo,LOG,1414562,0,-360,0,0,0,20,0,0,1,12,12205,503,-10,2,60,62,503,0,0,0,
pit_escape_demo,LOG,1414664,0,-420,0,0,0,20,0,0,1,12,12205,503,-10,2,60,62,503,0,0,0,
pit_escape_demo,LOG,1414715,0,-470,0,0,0,0,0,0,1,12,12205,503,-10,2,60,62,503,0,0,0,0
pit_escape_demo,LOG,1414766,0,-550,0,0,0,0,0,0,1,12,12205,503,-10,2,60,62,503,0,0,0,0
pit_escape_demo,LOG,1414817,0,-510,0,30,0,0,0,0,0,12,12205,503,-10,2,60,62,503,0,0,0,
pit_escape_demo,LOG,1416551,0,20,0,0,0,40,0,0,0,12,12245,536,32,-10,60,62,536,0,0,0,0
pit_escape_demo,LOG,1416602,0,0,0,30,0,40,0,0,0,12,12245,536,32,-10,60,62,536,0,0,0,0
pit_escape_demo,LOG,1416653,0,0,0,70,0,0,0,0,0,12,12245,536,32,-10,60,62,536,0,0,0,0
pit_escape_demo,LOG,1416959,0,0,0,0,0,20,0,30,0,12,12245,536,32,-10,60,62,536,0,0,0,0
pit_escape_demo,LOG,1417112,0,0,0,0,0,20,0,0,1,12,12266,617,-10,-6,60,62,617,0,0,0,
pit_escape_demo,LOG,1417214,0,0,0,0,0,20,0,0,1,12,12281,624,54,-8,60,62,624,0,0,0,0
pit_escape_demo,LOG,1417265,0,0,0,0,0,0,0,0,1,12,12287,626,98,-14,60,62,626,0,0,0,0
pit_escape_demo,LOG,1417316,0,0,0,0,0,20,0,0,1,12,12287,626,98,-14,60,62,626,0,0,0,0
pit_escape_demo,LOG,1417367,0,0,0,0,0,20,0,0,1,12,12287,626,98,-14,60,62,626,0,0,0,0
pit_escape_demo,LOG,1417418,0,0,0,0,0,20,0,0,1,12,12287,626,98,-14,60,62,626,0,0,0,0
pit_escape_demo,LOG,1419356,0,0,0,0,0,0,0,0,0,12,12331,632,-10,2,60,62,632,0,0,0,0
pit_escape_demo,LOG,1419407,0,20,0,0,0,0,0,0,0,12,12331,632,-10,2,60,62,632,0,0,0,0
pit_escape_demo,LOG,1419458,0,0,0,0,0,0,0,0,0,12,12331,632,-10,2,60,62,632,0,0,0,0
pit_escape_demo,LOG,1419509,0,0,0,0,0,0,0,0,0,12,12331,632,-10,2,60,62,632,0,0,0,0
pit_escape_demo,LOG,1419560,0,0,0,0,0,0,0,30,0,12,12331,632,-10,2,60,62,632,0,0,0,0
pit_escape_demo,LOG,1419611,0,0,0,-20,0,0,0,0,0,12,12331,632,-10,2,60,62,632,0,0,0,0
pit_escape_demo,LOG,1419662,0,0,0,0,0,0,0,0,0,12,12331,632,-10,2,60,62,632,0,0,0,0
pit_escape_demo,LOG,1419713,0,0,0,0,0,0,0,0,0,12,12331,632,-10,2,60,62,632,0,0,0,0
pit_escape_demo,LOG,1419764,0,0,0,0,0,0,0,0,0,12,12331,632,-10,2,60,62,632,0,0,0,0
pit_escape_demo,LOG,1419815,0,0,0,0,0,0,0,0,0,12,12331,632,-10,2,60,62,632,0,0,0,0
pit_escape_demo,LOG,1419866,0,0,0,0,0,0,0,0,0,12,12331,632,-10,2,60,62,632,0,0,0,0
pit_escape_demo,LOG,1419917,0,0,0,0,0,0,0,0,0,12,12331,632,-10,2,60,62,632,0,0,0,0
pit_escape_demo,LOG,1419968,0,0,0,0,0,0,0,0,1,12,12333,632,-10,2,60,62,632,0,0,0,0
pit_escape_demo,LOG,1420019,0,0,0,0,0,0,0,0,1,12,12341,632,-10,2,60,62,632,0,0,0,0
pit_escape_demo,LOG,1420070,0,0,0,0,0,0,0,0,1,12,12349,632,10,2,60,62,632,0,0,0,0
pit_escape_demo,LOG,1420121,0,0,0,0,0,0,0,0,1,12,12357,632,-32,0,60,62,632,0,0,0,0
pit_escape_demo,LOG,1420172,0,0,0,0,0,0,0,0,1,12,12365,632,10,2,60,62,632,0,0,0,0
pit_escape_demo,LOG,1420223,0,0,0,0,0,0,0,0,1,12,12369,632,-32,2,60,62,632,0,0,0,0
pit_escape_demo,LOG,1420274,0,0,0,0,0,0,0,0,1,12,12371,632,-10,2,60,62,632,0,0,0,0
pit_escape_demo,LOG,1420325,0,0,0,0,0,0,0,0,1,12,12371,632,-10,2,60,62,632,0,0,0,0
pit_escape_demo,LOG,1420376,0,0,0,0,0,0,0,0,1,12,12371,632,-10,2,60,62,632,0,0,0,0
pit_escape_demo,LOG,1420427,0,0,0,0,0,0,0,0,1,12,12371,632,-10,2,60,62,632,0,0,0,0
pit_escape_demo,LOG,1420478,0,0,0,0,0,0,0,0,1,12,12371,632,-10,2,60,62,632,0,0,0,0
pit_escape_demo,LOG,1420529,0,0,0,0,0,0,0,0,1,12,12371,632,-10,2,60,62,632,0,0,0,0
pit_escape_demo,LOG,1420580,0,0,0,0,0,0,0,0,1,12,12371,632,-10,2,60,62,632,0,0,0,0
pit_escape_demo,LOG,1420631,0,0,0,0,0,0,0,0,1,12,12371,632,-10,2,60,62,632,0,0,0,0
pit_escape_demo,LOG,1420682,0,0,0,0,0,0,0,0,1,12,12371,632,-10,2,60,62,632,0,0,0,0
pit_escape_demo,LOG,1420733,0,0,0,0,0,0,0,30,1,12,12371,632,-10,2,60,62,632,0,0,0,0
pit_escape_demo,LOG,1420784,0,0,0,0,0,0,0,0,0,12,12371,632,-10,2,60,62,632,0,0,0,0
pit_escape_demo,LOG,1420835,0,0,0,0,0,0,0,0,0,12,12371,632,-10,2,60,62,632,0,0,0,0
pit_escape_demo,LOG,1420886,0,0,0,0,0,0,0,0,0,12,12371,632,-10,2,60,62,632,0,0,0,0
pit_escape_demo,LOG,1420937,0,0,0,0,0,0,0,0,0,12,12371,632,-10,2,60,62,632,0,0,0,0
pit_escape_demo,LOG,1420988,0,0,0,0,0,0,0,0,0,12,12371,632,-10,2,60,62,632,0,0,0,0
pit_escape_demo,LOG,1421039,0,0,0,0,0,0,0,0,0,12,12371,632,-10,2,60,62,632,0,0,0,0
pit_escape_demo,LOG,1421090,0,0,0,30,0,0,0,0,0,12,12371,632,-10,2,60,62,632,0,0,0,0
pit_escape_demo,LOG,1421141,0,0,0,0,0,0,0,0,0,12,12371,632,-10,2,60,62,632,0,0,0,0
pit_escape_demo,LOG,1421192,0,0,0,0,0,0,0,0,0,12,12371,632,-10,2,60,62,632,0,0,0,0
pit_escape_demo,LOG,1421243,0,0,0,0,0,0,0,0,0,12,12371,632,-10,2,60,62,632,0,0,0,0
pit_escape_demo,LOG,1421294,0,0,0,0,0,0,0,0,0,12,12371,632,-10,2,60,62,632,0,0,0,0
pit_escape_demo,LOG,1421345,0,0,0,0,0,0,0,0,0,12,12371,632,-10,2,60,62,632,0,0,0,0
pit_escape_demo,LOG,1421396,0,0,0,0,0,0,0,0,0,12,12371,632,-10,2,60,62,632,0,0,0,0
pit_escape_demo,LOG,1421447,0,0,0,0,0,0,0,0,1,12,12373,632,10,2,60,62,632,0,0,0,0
pit_escape_demo,LOG,1421498,0,0,0,0,0,0,0,0,1,12,12381,632,10,2,60,62,632,0,0,0,0
pit_escape_demo,LOG,1421549,0,0,0,0,0,0,0,0,1,12,12389,632,-10,2,60,62,632,0,0,0,1
pit_escape_demo,LOG,1421600,0,0,0,0,0,20,0,0,1,12,12397,632,10,2,60,62,632,0,0,0,1
pit_escape_demo,LOG,1421702,0,0,0,0,0,140,0,50,1,12,12408,632,10,0,60,62,632,0,0,0,1
pit_escape_demo,LOG,1421753,0,0,0,0,0,160,0,110,1,12,12408,632,10,0,60,62,632,0,0,0,1
pit_escape_demo,LOG,1421804,0,0,0,0,0,230,0,30,1,12,12408,632,10,0,60,62,632,0,0,0,1
pit_escape_demo,LOG,1421855,0,0,0,0,0,60,0,0,1,12,12408,632,10,0,60,62,632,0,0,0,1
pit_escape_demo,LOG,1421906,0,0,0,0,0,40,0,0,1,12,12408,632,10,0,60,62,632,0,0,0,1
pit_escape_demo,LOG,1421957,0,0,0,0,0,0,0,0,1,12,12408,632,10,0,60,62,632,0,0,0,1
pit_escape_demo,LOG,1422008,0,0,0,0,0,20,0,0,1,12,12408,632,10,0,60,62,632,0,0,0,1
pit_escape_demo,LOG,1422059,0,0,0,0,0,0,0,0,1,12,12408,632,10,0,60,62,632,0,0,0,0
pit_escape_demo,LOG,1422110,0,0,0,0,0,0,0,0,1,12,12408,632,10,0,60,62,632,0,0,0,0
pit_escape_demo,LOG,1422161,0,0,0,0,0,0,0,0,1,12,12408,632,10,0,60,62,632,0,0,0,0
pit_escape_demo,LOG,1422212,0,0,0,0,0,0,0,0,0,12,12408,632,10,0,60,62,632,0,0,0,0
pit_escape_demo,LOG,1422263,0,0,0,0,0,0,0,0,0,12,12408,632,10,0,60,62,632,0,0,0,0
pit_escape_demo,LOG,1422314,0,0,0,0,0,0,0,0,0,12,12408,632,10,0,60,62,632,0,0,0,0
pit_escape_demo,LOG,1422365,0,0,0,0,0,0,0,0,0,12,12408,632,10,0,60,62,632,0,0,0,0
pit_escape_demo,LOG,1422416,0,0,0,0,0,0,0,0,0,12,12408,632,10,0,60,62,632,0,0,0,0
pit_escape_demo,LOG,1422467,0,0,0,0,0,0,0,0,0,12,12408,632,10,0,60,62,632,0,0,0,0
pit_escape_demo,LOG,1422518,0,0,0,0,0,0,0,0,0,12,12408,632,10,0,60,62,632,0,0,0,0
pit_escape_demo,LOG,1422569,0,0,0,0,0,0,0,0,0,12,12408,632,10,0,60,62,632,0,0,0,0
pit_escape_demo,LOG,1422620,0,0,0,0,0,0,0,0,0,12,12408,632,10,0,60,62,632,0,0,0,0
pit_escape_demo,LOG,1422671,0,0,0,0,0,0,0,0,0,12,12408,632,10,0,60,62,632,0,0,0,0
pit_escape_demo,LOG,1422722,0,0,0,0,0,0,0,0,0,12,12408,632,10,0,60,62,632,0,0,0,0
pit_escape_demo,LOG,1422773,0,0,0,0,0,0,0,0,0,12,12408,632,10,0,60,62,632,0,0,0,0
pit_escape_demo,LOG,1422824,0,0,0,0,0,-30,0,0,0,12,12408,632,10,0,60,62,632,0,0,0,0
pit_escape_demo,LOG,1422875,0,0,0,0,0,0,0,0,0,12,12408,632,10,0,60,62,632,0,0,0,0
pit_escape_demo,LOG,1422926,0,0,0,0,0,0,0,0,1,12,12409,626,-10,0,60,62,626,0,0,0,0
pit_escape_demo,LOG,1422977,0,0,0,0,0,0,0,0,1,12,12417,626,-32,0,60,62,626,0,0,0,0
pit_escape_demo,LOG,1423028,0,0,0,0,0,-30,0,0,1,12,12423,626,-32,0,60,62,626,0,0,0,
pit_escape_demo,LOG,1423079,0,0,0,0,0,0,0,0,1,12,12431,626,-10,0,60,62,626,0,0,0,0
pit_escape_demo,LOG,1423130,0,0,0,0,0,0,0,0,1,12,12439,626,-10,0,60,62,626,0,0,0,0
pit_escape_demo,LOG,1423181,0,0,0,0,0,0,0,0,1,12,12444,626,-10,0,60,62,626,0,0,0,0
pit_escape_demo,LOG,1423232,0,0,0,0,0,0,0,0,1,12,12444,626,-10,0,60,62,626,0,0,0,0
pit_escape_demo,LOG,1423283,0,0,0,0,0,0,0,30,1,12,12444,626,-10,0,60,62,626,0,0,0,0
pit_escape_demo,LOG,1423334,0,0,0,0,0,0,0,0,1,12,12444,626,-10,0,60,62,626,0,0,0,0
pit_escape_demo,LOG,1423385,0,0,0,0,0,0,0,0,1,12,12444,626,-10,0,60,62,626,0,0,0,0
pit_escape_demo,LOG,1423436,0,0,0,0,0,0,0,0,1,12,12444,626,-10,0,60,62,626,0,0,0,0
pit_escape_demo,LOG,1423487,0,0,0,0,0,0,0,0,1,12,12444,626,-10,0,60,62,660,283,0,0,0
pit_escape_demo,LOG,1423538,0,0,0,0,0,0,0,0,1,12,12444,626,-10,0,60,62,733,497,0,0,0
pit_escape_demo,LOG,1423589,0,0,0,0,0,0,0,0,1,12,12444,626,-10,0,60,62,806,557,0,0,0
pit_escape_demo,LOG,1423640,0,0,0,0,0,0,0,0,1,12,12444,626,-10,0,60,62,879,660,0,0,0
pit_escape_demo,LOG,1423691,0,0,0,0,0,-30,0,0,0,12,12444,626,-10,0,60,62,952,660,0,0,
pit_escape_demo,LOG,1423793,0,0,0,0,0,0,0,0,0,12,12444,626,-10,0,60,62,1098,660,0,0,0
pit_escape_demo,LOG,1423844,0,0,0,0,0,0,0,0,0,12,12444,626,-10,0,60,62,1171,660,0,0,0
pit_escape_demo,LOG,1423895,0,0,0,0,0,0,0,0,0,12,12444,626,-10,0,60,62,1244,660,0,0,0
pit_escape_demo,LOG,1423946,0,0,0,0,0,0,0,0,0,12,12444,626,-10,0,60,62,1318,660,0,0,0
pit_escape_demo,LOG,1423997,0,0,0,0,0,0,0,0,0,12,12444,626,-10,0,60,62,1391,660,0,0,0
pit_escape_demo,LOG,1424048,0,0,0,0,0,0,0,0,0,12,12444,626,-10,0,60,62,1464,660,0,0,0
pit_escape_demo,LOG,1424099,0,0,0,0,0,0,0,0,0,12,12444,626,-10,0,60,62,1537,660,0,0,0
pit_escape_demo,LOG,1424150,0,0,0,0,0,0,0,0,0,12,12444,626,-10,0,60,62,1610,660,0,0,0
pit_escape_demo,LOG,1424201,0,0,0,0,0,0,0,0,0,12,12444,626,-10,0,60,62,1683,660,0,0,0
pit_escape_demo,LOG,1424252,0,0,0,0,0,0,0,30,0,12,12444,626,-10,0,60,62,1756,660,0,0,
pit_escape_demo,LOG,1424303,0,0,0,0,0,0,0,0,0,12,12444,626,-10,0,60,62,1829,660,0,0,0
pit_escape_demo,LOG,1424354,0,0,0,0,0,0,0,0,0,12,12444,626,-10,0,60,62,1902,660,0,0,0
pit_escape_demo,LOG,1424660,0,0,0,0,0,0,0,0,1,12,12482,626,-10,0,60,62,626,0,0,0,0
pit_escape_demo,LOG,1424711,0,0,0,0,0,0,0,0,1,12,12484,626,-10,0,60,62,626,0,0,0,0
pit_escape_demo,LOG,1424762,0,0,0,0,0,-30,0,0,1,12,12484,626,-10,0,60,62,626,0,0,0,0
pit_escape_demo,LOG,1424813,0,0,0,0,0,0,0,0,1,12,12484,626,-10,0,60,62,553,-157,0,0,0
pit_escape_demo,LOG,1424864,0,0,0,0,0,0,0,0,1,12,12484,626,-10,0,60,62,480,-253,0,0,0
pit_escape_demo,LOG,1424915,0,0,0,0,0,0,0,0,1,12,12484,626,-10,0,60,62,407,-304,0,0,0
pit_escape_demo,LOG,1424966,0,0,0,0,0,0,0,0,1,12,12484,626,-10,0,60,62,333,-321,0,0,0
pit_escape_demo,LOG,1425017,0,0,0,0,0,0,0,0,1,12,12484,626,-10,0,60,62,260,-332,0,0,0
pit_escape_demo,LOG,1425119,0,0,0,0,0,0,0,0,1,12,12484,626,-10,0,60,62,114,-369,0,0,0
pit_escape_demo,LOG,1425170,0,0,0,0,0,0,0,0,1,12,12484,626,-10,0,60,62,41,-379,0,0,0
pit_escape_demo,LOG,1425221,0,0,0,0,0,0,0,0,0,12,12484,626,-10,0,60,62,-31,-388,0,0,0
pit_escape_demo,LOG,1425272,0,0,0,0,0,0,0,0,0,12,12484,626,-10,0,60,62,-104,-439,0,0,
pit_escape_demo,LOG,1425323,0,0,0,0,0,0,0,0,0,12,12484,626,-10,0,60,62,-177,-481,0,0,
pit_escape_demo,LOG,1425425,0,0,0,0,0,0,0,0,0,12,12484,626,-10,0,60,62,-323,-474,0,0,
pit_escape_demo,LOG,1425476,0,0,0,0,0,0,0,0,0,12,12484,626,-10,0,60,62,-396,-471,0,0,
pit_escape_demo,LOG,1425527,0,0,0,0,0,0,0,0,0,12,12484,626,-10,0,60,62,-469,-472,0,0,
pit_escape_demo,LOG,1425578,0,0,0,0,0,0,0,0,0,12,12484,626,-10,0,60,62,-542,-479,0,0,
pit_escape_demo,LOG,1425629,0,0,0,0,0,0,0,0,0,12,12484,626,-10,0,60,62,-615,-482,0,0,
pit_escape_demo,LOG,1425731,0,0,0,0,0,0,0,0,0,12,12484,626,-10,0,60,62,-761,-498,0,0,
pit_escape_demo,LOG,1425782,0,0,0,0,0,0,0,0,0,12,12484,626,-10,0,60,62,-834,-514,0,0,
pit_escape_demo,LOG,1425833,0,0,0,0,0,0,0,0,0,12,12484,626,-10,0,60,62,-907,-558,0,0,
pit_escape_demo,LOG,1425884,0,0,0,0,0,0,0,0,0,12,12484,626,-10,0,60,62,-980,-554,0,0,
pit_escape_demo,LOG,1428230,0,20,0,-350,0,0,0,0,0,12,12562,626,-32,0,60,62,626,0,0,0,
pit_escape_demo,LOG,1428281,0,0,0,30,0,0,0,0,0,12,12562,626,-32,0,60,62,626,0,0,0,0
pit_escape_demo,LOG,1428332,0,0,0,0,0,0,0,0,0,12,12562,626,-32,0,60,62,699,502,0,0,0
pit_escape_demo,LOG,1428383,0,0,0,0,0,0,0,0,0,12,12562,626,-32,0,60,62,772,642,0,0,0
pit_escape_demo,LOG,1428434,0,0,0,0,0,0,0,0,0,12,12562,626,-32,0,60,62,845,660,0,0,0
pit_escape_demo,LOG,1428485,0,0,0,0,0,0,0,0,0,12,12562,626,-32,0,60,62,918,660,0,0,0
pit_escape_demo,LOG,1428536,0,0,0,0,0,0,0,0,0,12,12562,626,-32,0,60,62,991,660,0,0,0
pit_escape_demo,LOG,1428587,0,0,0,0,0,0,0,30,0,12,12562,626,-32,0,60,62,1064,660,0,0,
pit_escape_demo,LOG,1428638,0,0,0,0,0,0,0,0,0,12,12562,626,-32,0,60,62,1137,660,0,0,0
pit_escape_demo,LOG,1428689,0,0,0,0,0,0,0,0,0,12,12562,626,-32,0,60,62,1210,660,0,0,0
pit_escape_demo,LOG,1428740,0,0,0,0,0,0,0,0,0,12,12562,626,-32,0,60,62,1283,660,0,0,0
pit_escape_demo,LOG,1428791,0,0,0,0,0,0,0,0,0,12,12562,626,-32,0,60,62,1356,660,0,0,0
pit_escape_demo,LOG,1429148,0,0,0,0,0,0,0,0,1,12,12604,626,-32,0,60,62,1868,660,0,0,0
pit_escape_demo,LOG,1429199,0,0,0,0,0,20,0,0,1,12,12604,626,-32,0,60,62,1941,660,0,0,
pit_escape_demo,LOG,1429250,0,0,0,0,0,0,0,0,1,12,12604,626,-32,0,60,62,2014,660,0,0,0
pit_escape_demo,LOG,1429301,0,0,0,0,0,0,0,0,1,12,12604,626,-32,0,60,62,2087,660,0,0,0
pit_escape_demo,LOG,1429352,0,0,0,0,0,0,0,0,1,12,12604,626,-32,0,60,62,2160,660,0,0,0
pit_escape_demo,LOG,1429403,0,0,0,0,0,0,0,0,1,12,12604,626,-32,0,60,62,2233,660,0,0,0
pit_escape_demo,LOG,1429454,0,0,0,0,0,0,0,0,1,12,12604,626,-32,0,60,62,2306,660,0,0,0
pit_escape_demo,LOG,1429505,0,0,0,0,0,0,0,0,1,12,12604,626,-32,0,60,62,2379,660,0,0,0
pit_escape_demo,LOG,1429556,0,0,0,0,0,0,0,30,1,12,12604,626,-32,0,60,62,2452,660,0,0,
pit_escape_demo,LOG,1429607,0,0,0,0,0,0,0,0,1,12,12604,626,-32,0,60,62,2525,660,0,0,0
pit_escape_demo,LOG,1429658,0,0,0,0,0,0,0,0,0,12,12604,626,-32,0,60,62,2598,357,0,0,0
pit_escape_demo,LOG,1429709,0,0,0,0,0,0,0,0,0,12,12604,626,-32,0,60,62,2611,0,0,0,0
pit_escape_demo,LOG,1429760,0,0,0,0,0,0,0,0,0,12,12604,626,-32,0,60,62,2611,0,0,0,0
pit_escape_demo,LOG,1429811,0,0,0,0,0,0,0,0,0,12,12604,626,-32,0,60,62,2611,0,0,0,0
pit_escape_demo,LOG,1429862,0,0,0,0,0,0,0,0,0,12,12604,626,-32,0,60,62,2684,444,0,0,0
pit_escape_demo,LOG,1429913,0,0,0,0,0,0,0,0,0,12,12604,626,-32,0,60,62,2757,660,0,0,0
pit_escape_demo,LOG,1429964,0,0,0,0,0,0,0,0,0,12,12604,626,-32,0,60,62,2830,660,0,0,0
pit_escape_demo,LOG,1430015,0,0,0,0,0,0,0,0,0,12,12604,626,-32,0,60,62,2903,660,0,0,0
pit_escape_demo,LOG,1430066,0,0,0,0,0,0,0,0,0,12,12604,626,-32,0,60,62,2976,660,0,0,0
pit_escape_demo,LOG,1430117,0,0,0,0,0,0,0,0,0,12,12604,626,-32,0,60,62,3049,660,0,0,0
pit_escape_demo,LOG,1430168,0,0,0,0,0,0,0,0,0,12,12604,626,-32,0,60,62,3122,660,0,0,0
pit_escape_demo,LOG,1430219,0,0,0,0,0,0,0,0,0,12,12604,626,-32,0,60,62,3195,660,0,0,0
pit_escape_demo,LOG,1430270,0,0,0,0,0,0,0,0,0,12,12604,626,-32,0,60,62,3268,660,0,0,0
pit_escape_demo,LOG,1430525,0,0,0,0,0,0,0,0,1,12,12635,626,10,0,60,62,3634,660,0,0,
pit_escape_demo,LOG,1430627,0,0,0,0,0,0,0,0,1,12,12648,626,-10,0,60,62,3780,578,0,0,0
pit_escape_demo,LOG,1430678,0,0,0,0,0,0,0,0,1,12,12648,626,-10,0,60,62,3853,331,0,0,0
pit_escape_demo,LOG,1430729,0,0,0,0,0,0,0,0,1,12,12648,626,-10,0,60,62,626,0,0,0,0
pit_escape_demo,LOG,1430780,0,0,0,0,0,0,0,0,1,12,12648,626,-10,0,60,62,626,0,0,0,0
pit_escape_demo,LOG,1430831,0,0,0,0,0,0,0,0,1,12,12648,626,-10,0,60,62,626,0,0,0,0
pit_escape_demo,LOG,1430882,0,0,0,0,0,0,0,0,1,12,12648,626,-10,0,60,62,626,0,0,0,0
pit_escape_demo,LOG,1430933,0,0,0,0,0,0,0,0,1,12,12648,626,-10,0,60,62,699,245,0,0,0
pit_escape_demo,LOG,1430984,0,0,0,0,0,0,0,0,1,12,12648,626,-10,0,60,62,772,660,0,0,0
pit_escape_demo,LOG,1431035,0,0,0,0,0,0,0,0,1,12,12648,626,-10,0,60,62,845,660,0,0,0
pit_escape_demo,LOG,1431086,0,0,0,0,0,0,0,30,1,12,12648,626,-10,0,60,62,918,660,0,0,0
pit_escape_demo,LOG,1431137,0,0,0,0,0,0,0,0,0,12,12648,626,-10,0,60,62,991,660,0,0,0
pit_escape_demo,LOG,1431290,0,0,0,0,0,0,0,0,0,12,12648,626,-10,0,60,62,1210,660,0,0,0
pit_escape_demo,LOG,1431341,0,0,0,0,0,0,0,0,0,12,12648,626,-10,0,60,62,1283,660,0,0,0
pit_escape_demo,LOG,1431392,0,0,0,0,0,0,0,0,0,12,12648,626,-10,0,60,62,1356,660,0,0,0
pit_escape_demo,LOG,1431443,0,0,0,0,0,0,0,30,0,12,12648,626,-10,0,60,62,1429,660,0,0,
pit_escape_demo,LOG,1431494,0,0,0,0,0,0,0,0,0,12,12648,626,-10,0,60,62,1502,660,0,0,0
pit_escape_demo,LOG,1431596,0,0,0,0,0,0,0,0,0,12,12648,626,-10,0,60,62,1648,348,0,0,0
pit_escape_demo,LOG,1431647,0,0,0,0,0,0,0,0,0,12,12648,626,-10,0,60,62,1670,0,0,0,0
pit_escape_demo,LOG,1431698,0,0,0,0,0,0,0,0,0,12,12648,626,-10,0,60,62,1670,0,0,0,0
pit_escape_demo,LOG,1431749,0,0,0,0,0,0,0,0,0,12,12648,626,-10,0,60,62,1670,0,0,0,0
pit_escape_demo,LOG,1431800,0,0,0,0,0,0,0,0,0,12,12648,626,-10,0,60,62,1670,0,0,0,0
pit_escape_demo,LOG,1431851,0,0,0,0,0,0,0,0,1,12,12651,626,10,0,60,62,626,0,0,0,0
pit_escape_demo,LOG,1431902,0,0,0,0,0,0,0,0,1,12,12659,626,-10,0,60,62,626,0,0,0,0
pit_escape_demo,LOG,1431953,0,0,0,0,0,0,0,0,1,12,12667,626,-10,0,60,62,626,0,0,0,0
pit_escape_demo,LOG,1432004,0,0,0,0,0,0,0,0,1,12,12675,626,-10,0,60,62,626,0,0,0,0
pit_escape_demo,LOG,1432055,0,0,0,0,0,-30,0,0,1,12,12682,626,-10,0,60,62,626,0,0,0,
pit_escape_demo,LOG,1432106,0,0,0,0,0,0,0,30,1,12,12688,626,-10,0,60,62,626,0,0,0,0
pit_escape_demo,LOG,1432157,0,0,0,0,0,0,0,0,1,12,12689,626,-10,0,60,62,626,0,0,0,0
pit_escape_demo,LOG,1432208,0,0,0,0,0,0,0,0,1,12,12689,626,-10,0,60,62,626,0,0,0,0
pit_escape_demo,LOG,1432259,0,0,0,0,0,0,0,0,1,12,12689,626,-10,0,60,62,626,0,0,0,0
pit_escape_demo,LOG,1432310,0,0,0,0,0,0,0,0,1,12,12689,626,-10,0,60,62,626,0,0,0,0
pit_escape_demo,LOG,1432361,0,0,0,0,0,0,0,0,1,12,12689,626,-10,0,60,62,626,0,0,0,0
pit_escape_demo,LOG,1432412,0,0,0,0,0,0,0,0,1,12,12689,626,-10,0,60,62,626,0,0,0,0
pit_escape_demo,LOG,1432463,0,0,0,0,0,-30,0,30,1,12,12689,626,-10,0,60,62,626,0,0,0,0
pit_escape_demo,LOG,1432514,0,0,0,0,0,0,0,30,1,12,12689,626,-10,0,60,62,626,0,0,0,0
pit_escape_demo,LOG,1432565,0,0,0,0,0,20,0,30,1,12,12689,626,-10,0,60,62,626,0,0,0,0
pit_escape_demo,LOG,1432616,0,0,0,0,0,0,0,30,1,12,12689,626,-10,0,60,62,626,0,0,0,0
pit_escape_demo,LOG,1432667,0,0,0,0,0,20,0,50,0,12,12689,626,-10,0,60,62,626,0,0,0,0
pit_escape_demo,LOG,1432718,0,0,0,0,0,80,0,70,0,12,12689,626,-10,0,60,62,626,0,0,0,0
pit_escape_demo,LOG,1432769,0,0,0,0,0,60,0,30,0,12,12689,626,-10,0,60,62,626,0,0,0,0
pit_escape_demo,LOG,1432820,0,0,0,0,0,0,0,30,0,12,12689,626,-10,0,60,62,626,0,0,0,0
pit_escape_demo,LOG,1432871,0,0,0,0,0,40,0,30,0,12,12689,626,-10,0,60,62,626,0,0,0,0
pit_escape_demo,LOG,1432922,0,0,0,0,0,60,0,30,0,12,12689,626,-10,0,60,62,626,0,0,0,0
pit_escape_demo,LOG,1432973,0,0,0,0,0,20,0,50,0,12,12689,626,-10,0,60,62,626,0,0,0,0
pit_escape_demo,LOG,1433024,0,0,0,0,0,0,0,30,0,12,12689,626,-10,0,60,62,626,0,0,0,0
pit_escape_demo,LOG,1433075,0,0,0,0,0,0,0,30,0,12,12689,626,-10,0,60,62,626,0,0,0,0
pit_escape_demo,LOG,1433126,0,0,0,0,0,20,0,30,0,12,12689,626,-10,0,60,62,626,0,0,0,0
pit_escape_demo,LOG,1433177,0,0,0,0,0,40,0,50,0,12,12689,626,-10,0,60,62,626,0,0,0,0
pit_escape_demo,LOG,1433228,0,0,0,0,0,60,0,30,0,12,12689,626,-10,0,60,62,626,0,0,0,0
pit_escape_demo,LOG,1433279,0,0,0,0,0,20,0,30,0,12,12689,626,-10,0,60,62,626,0,0,0,0
pit_escape_demo,LOG,1433330,0,0,0,0,0,0,0,0,1,12,12694,639,32,0,60,61,639,0,0,0,0
pit_escape_demo,LOG,1433381,0,0,0,0,0,0,0,0,1,12,12701,641,76,-2,60,61,641,0,0,0,0
pit_escape_demo,LOG,1433432,0,0,0,0,0,0,0,0,1,12,12709,643,-10,2,60,61,643,0,0,0,0
pit_escape_demo,LOG,1433483,0,0,0,0,0,0,0,0,1,12,12717,643,-10,2,60,61,643,0,0,0,0
pit_escape_demo,LOG,1433534,0,0,0,0,0,0,0,0,1,12,12724,643,-32,4,60,61,643,0,0,0,0
pit_escape_demo,LOG,1433585,0,0,0,0,0,0,0,0,1,12,12730,643,-10,4,60,61,643,0,0,0,0
pit_escape_demo,LOG,1433636,0,0,0,0,0,0,0,30,1,12,12731,643,10,4,60,61,643,0,0,0,0
pit_escape_demo,LOG,1433687,0,0,0,0,0,0,0,0,1,12,12731,643,10,4,60,61,643,0,0,0,0
pit_escape_demo,LOG,1433738,0,0,0,0,0,-30,0,0,1,12,12731,643,10,4,60,61,643,0,0,0,0
pit_escape_demo,LOG,1433789,0,0,0,0,0,0,0,-20,1,12,12731,643,10,4,60,61,643,0,0,0,0
pit_escape_demo,LOG,1433840,0,0,0,0,0,-30,0,-20,1,12,12731,643,10,4,60,61,643,0,0,0,0
pit_escape_demo,LOG,1433891,0,0,0,0,0,-30,0,-20,1,12,12731,643,10,4,60,61,643,0,0,0,0
pit_escape_demo,LOG,1433942,0,0,0,0,0,-30,0,-20,1,12,12731,643,10,4,60,61,643,0,0,0,0
pit_escape_demo,LOG,1433993,0,0,0,0,0,0,0,-20,1,12,12731,643,10,4,60,61,643,0,0,0,0
pit_escape_demo,LOG,1434044,0,0,0,0,0,0,0,-20,1,12,12731,643,10,4,60,61,643,0,0,0,0
pit_escape_demo,LOG,1434095,0,0,0,0,0,0,0,0,1,12,12731,643,10,4,60,61,643,0,0,0,0
pit_escape_demo,LOG,1434146,0,0,0,0,0,0,0,-20,0,12,12731,643,10,4,60,61,643,0,0,0,0
pit_escape_demo,LOG,1434197,0,0,0,0,0,0,0,0,0,12,12731,643,10,4,60,61,643,0,0,0,0
pit_escape_demo,LOG,1434248,0,0,0,0,0,0,0,0,0,12,12731,643,10,4,60,61,643,0,0,0,0
pit_escape_demo,LOG,1434299,0,0,0,0,0,-30,0,-20,0,12,12731,643,10,4,60,61,643,0,0,0,0
pit_escape_demo,LOG,1434350,0,0,0,0,0,-50,0,-20,0,12,12731,643,10,4,60,61,643,0,0,0,0
pit_escape_demo,LOG,1434401,0,0,0,0,0,-30,0,0,0,12,12731,643,10,4,60,61,643,0,0,0,0
pit_escape_demo,LOG,1434452,0,0,0,0,0,-30,0,-20,0,12,12731,643,10,4,60,61,643,0,0,0,0
pit_escape_demo,LOG,1434503,0,0,0,0,0,0,0,0,0,12,12731,643,10,4,60,61,643,0,0,0,0
pit_escape_demo,LOG,1434554,0,0,0,0,0,0,0,0,0,12,12731,643,10,4,60,61,643,0,0,0,0
pit_escape_demo,LOG,1434605,0,0,0,0,0,-30,0,0,0,12,12731,643,10,4,60,61,643,0,0,0,0
pit_escape_demo,LOG,1434656,0,0,0,0,0,0,0,0,0,12,12731,643,10,4,60,61,643,0,0,0,0
pit_escape_demo,LOG,1434707,0,0,0,0,0,0,0,-20,0,12,12731,643,10,4,60,61,643,0,0,0,0
pit_escape_demo,LOG,1434758,0,0,0,0,0,0,0,0,0,12,12731,643,10,4,60,61,643,0,0,0,0
pit_escape_demo,LOG,1435013,0,0,0,0,0,-30,0,0,1,12,12766,615,-32,0,60,61,615,0,0,0,
pit_escape_demo,LOG,1435166,0,0,0,0,0,0,0,0,1,12,12772,608,-54,-2,60,61,608,0,0,0,0
pit_escape_demo,LOG,1435217,0,0,0,0,0,0,0,-20,1,12,12772,608,-54,-2,60,61,608,0,0,0,0
pit_escape_demo,LOG,1435421,0,0,0,0,0,0,0,0,1,12,12772,608,-54,-2,60,61,608,0,0,0,0
pit_escape_demo,LOG,1435472,0,0,0,0,0,0,0,-20,1,12,12772,608,-54,-2,60,61,608,0,0,0,0
pit_escape_demo,LOG,1435523,0,0,0,0,0,0,0,0,1,12,12772,608,-54,-2,60,61,608,0,0,0,0
pit_escape_demo,LOG,1435574,0,0,0,0,0,0,0,0,1,12,12772,608,-54,-2,60,61,608,0,0,0,0
pit_escape_demo,LOG,1435625,0,0,0,30,0,-30,0,0,0,12,12772,608,-54,-2,60,61,608,0,0,0,
pit_escape_demo,LOG,1435676,0,0,0,0,0,0,0,0,0,12,12772,608,-54,-2,60,61,608,0,0,0,0
pit_escape_demo,LOG,1435727,0,0,0,-40,0,0,0,0,0,12,12772,608,-54,-2,60,61,608,0,0,0,0
pit_escape_demo,LOG,1435829,0,0,0,0,0,0,0,-20,0,12,12772,608,-54,-2,60,61,608,0,0,0,0
pit_escape_demo,LOG,1435880,0,0,0,0,0,0,0,0,0,12,12772,608,-54,-2,60,61,608,0,0,0,0
pit_escape_demo,LOG,1435931,0,0,0,0,0,0,0,30,0,12,12772,608,-54,-2,60,61,608,0,0,0,0
pit_escape_demo,LOG,1435982,0,0,0,0,0,0,0,-20,0,12,12772,608,-54,-2,60,61,608,0,0,0,0
pit_escape_demo,LOG,1436084,0,0,0,0,0,0,0,-20,0,12,12772,608,-54,-2,60,61,608,0,0,0,0
pit_escape_demo,LOG,1436135,0,0,0,0,0,0,0,0,0,12,12772,608,-54,-2,60,61,608,0,0,0,0
pit_escape_demo,LOG,1436186,0,0,0,0,0,0,0,0,0,12,12772,608,-54,-2,60,61,608,0,0,0,0
pit_escape_demo,LOG,1436441,0,0,0,-20,0,0,0,0,1,12,12796,571,-10,4,60,61,571,0,0,0,
pit_escape_demo,LOG,1436492,0,0,0,-20,0,0,0,0,1,12,12804,571,-32,6,60,61,571,0,0,0,
pit_escape_demo,LOG,1436594,0,0,0,90,0,0,0,50,1,12,12814,567,-32,4,60,61,567,0,0,0,0
pit_escape_demo,LOG,1436645,0,0,0,0,0,0,0,0,1,12,12814,567,-32,4,60,61,567,0,0,0,0
pit_escape_demo,LOG,1436696,0,-30,0,0,0,0,0,0,1,12,12814,567,-32,4,60,61,567,0,0,0,0
pit_escape_demo,LOG,1436747,0,-30,0,0,0,0,0,0,1,12,12814,567,-32,4,60,61,567,0,0,0,0
pit_escape_demo,LOG,1436798,0,-30,0,-20,0,0,0,0,1,12,12814,567,-32,4,60,61,567,0,0,0,
pit_escape_demo,LOG,1437002,0,0,0,70,0,-50,0,0,1,12,12814,567,-32,4,60,61,567,0,0,0,0
pit_escape_demo,LOG,1437053,0,-30,0,0,0,-30,0,0,1,12,12814,567,-32,4,60,61,567,0,0,0,
pit_escape_demo,LOG,1437104,0,-30,0,0,0,-30,0,0,0,12,12814,567,-32,4,60,61,567,0,0,0,
pit_escape_demo,LOG,1437155,0,0,0,0,0,-30,0,0,0,12,12814,567,-32,4,60,61,567,0,0,0,0
pit_escape_demo,LOG,1437206,0,-30,0,0,0,-30,0,0,0,12,12814,567,-32,4,60,61,567,0,0,0,
pit_escape_demo,LOG,1437257,0,-50,0,0,0,0,0,30,0,12,12814,567,-32,4,60,61,567,0,0,0,0
pit_escape_demo,LOG,1437308,0,-90,0,0,0,-30,0,0,0,12,12814,567,-32,4,60,61,567,0,0,0,
pit_escape_demo,LOG,1437410,0,-30,0,0,0,-30,0,0,0,12,12814,567,-32,4,60,61,567,0,0,0,
pit_escape_demo,LOG,1437461,0,0,0,0,0,-30,0,0,0,12,12814,567,-32,4,60,61,567,0,0,0,0
pit_escape_demo,LOG,1437512,0,0,0,0,0,0,0,0,0,12,12814,567,-32,4,60,61,567,0,0,0,0
pit_escape_demo,LOG,1437563,0,0,0,0,0,0,0,0,0,12,12814,567,-32,4,60,61,567,0,0,0,0
pit_escape_demo,LOG,1437665,0,0,0,0,0,-30,0,30,0,12,12814,567,-32,4,60,61,567,0,0,0,0
pit_escape_demo,LOG,1437716,0,0,0,0,0,0,0,-20,0,12,12814,567,-32,4,60,61,567,0,0,0,0
pit_escape_demo,LOG,1438073,0,-30,0,0,0,0,0,0,1,12,12853,549,-10,-4,60,61,549,0,0,0,0
pit_escape_demo,LOG,1438124,0,0,0,0,0,0,0,0,1,12,12853,549,-10,-4,60,61,549,0,0,0,0
pit_escape_demo,LOG,1438226,0,20,0,0,0,0,0,0,1,12,12853,549,-10,-4,60,61,549,0,0,0,0
pit_escape_demo,LOG,1438277,0,0,0,0,0,0,0,0,1,12,12853,549,-10,-4,60,61,549,0,0,0,0
pit_escape_demo,LOG,1438328,0,0,0,0,0,0,0,0,1,12,12853,549,-10,-4,60,61,549,0,0,0,0
pit_escape_demo,LOG,1438379,0,0,0,0,0,-30,0,0,1,12,12853,549,-10,-4,60,61,549,0,0,0,0
pit_escape_demo,LOG,1438430,0,0,0,0,0,0,0,-20,1,12,12853,549,-10,-4,60,61,549,0,0,0,0
pit_escape_demo,LOG,1438481,0,0,0,0,0,0,0,0,1,12,12853,549,-10,-4,60,61,549,0,0,0,0
pit_escape_demo,LOG,1438532,0,0,0,0,0,0,0,30,0,12,12853,549,-10,-4,60,61,549,0,0,0,0
pit_escape_demo,LOG,1438583,0,0,0,0,0,0,0,0,0,12,12853,549,-10,-4,60,61,549,0,0,0,0
pit_escape_demo,LOG,1438634,0,0,0,0,0,0,0,0,0,12,12853,549,-10,-4,60,61,549,0,0,0,0
pit_escape_demo,LOG,1438685,0,0,0,0,0,0,0,0,0,12,12853,549,-10,-4,60,61,549,0,0,0,0
pit_escape_demo,LOG,1438736,0,0,0,0,0,0,0,0,0,12,12853,549,-10,-4,60,61,549,0,0,0,0
pit_escape_demo,LOG,1438787,0,0,0,0,0,-30,0,0,0,12,12853,549,-10,-4,60,61,549,0,0,0,0
pit_escape_demo,LOG,1438838,0,0,0,0,0,0,0,0,0,12,12853,549,-10,-4,60,61,549,0,0,0,0
pit_escape_demo,LOG,1438889,0,0,0,0,0,0,0,0,0,12,12853,549,-10,-4,60,61,549,0,0,0,0
pit_escape_demo,LOG,1438940,0,0,0,30,0,0,0,0,0,12,12853,549,-10,-4,60,61,549,0,0,0,0
pit_escape_demo,LOG,1438991,0,0,0,0,0,0,0,-20,0,12,12853,549,-10,-4,60,61,549,0,0,0,0
pit_escape_demo,LOG,1439042,0,0,0,0,0,0,0,0,0,12,12853,549,-10,-4,60,61,549,0,0,0,0
pit_escape_demo,LOG,1439093,0,0,0,0,0,0,0,0,0,12,12853,549,-10,-4,60,61,549,0,0,0,0
pit_escape_demo,LOG,1439144,0,-30,0,0,0,0,0,0,0,12,12853,549,-10,-4,60,61,549,0,0,0,0
pit_escape_demo,LOG,1439195,0,0,0,0,0,0,0,0,0,12,12853,549,-10,-4,60,61,549,0,0,0,0
pit_escape_demo,LOG,1439246,0,0,0,0,0,0,0,0,1,12,12856,545,-10,-4,60,61,545,0,0,0,0
pit_escape_demo,LOG,1439348,0,0,0,0,0,0,0,0,1,12,12871,545,-10,-6,60,61,545,0,0,0,0
pit_escape_demo,LOG,1439399,0,0,0,0,0,0,0,0,1,12,12879,545,10,-4,60,61,545,0,0,0,0
pit_escape_demo,LOG,1439450,0,0,0,0,0,0,0,0,1,12,12887,545,-10,-4,60,61,545,0,0,0,0
pit_escape_demo,LOG,1439501,0,0,0,0,0,0,0,0,1,12,12895,545,-32,-4,60,61,545,0,0,0,0
pit_escape_demo,LOG,1439552,0,-30,0,0,0,0,0,0,1,12,12896,545,-10,-6,60,61,545,0,0,0,0
pit_escape_demo,LOG,1439603,0,0,0,0,0,0,0,0,1,12,12896,545,-10,-6,60,61,545,0,0,0,0
pit_escape_demo,LOG,1439654,0,-50,0,0,0,0,0,0,1,12,12896,545,-10,-6,60,61,545,0,0,0,0
pit_escape_demo,LOG,1439705,0,-30,0,0,0,0,0,0,1,12,12896,545,-10,-6,60,61,545,0,0,0,0
pit_escape_demo,LOG,1439756,0,-30,0,0,0,0,0,0,1,12,12896,545,-10,-6,60,61,545,0,0,0,0
pit_escape_demo,LOG,1439807,0,0,0,0,0,0,0,0,1,12,12896,545,-10,-6,60,61,545,0,0,0,0
pit_escape_demo,LOG,1439858,0,0,0,0,0,0,0,0,1,12,12896,545,-10,-6,60,61,545,0,0,0,0
pit_escape_demo,LOG,1439909,0,0,0,0,0,0,0,0,1,12,12896,545,-10,-6,60,61,545,0,0,0,0
pit_escape_demo,LOG,1439960,0,0,0,0,0,0,0,0,1,12,12896,545,-10,-6,60,61,545,0,0,0,0
pit_escape_demo,LOG,1440011,0,-50,0,0,0,0,0,0,0,12,12896,545,-10,-6,60,61,545,0,0,0,0
pit_escape_demo,LOG,1440062,0,0,0,0,0,0,0,0,0,12,12896,545,-10,-6,60,61,545,0,0,0,0
pit_escape_demo,LOG,1440113,0,0,0,0,0,0,0,0,0,12,12896,545,-10,-6,60,61,545,0,0,0,0
pit_escape_demo,LOG,1440164,0,0,0,0,0,0,0,0,0,12,12896,545,-10,-6,60,61,545,0,0,0,0
pit_escape_demo,LOG,1440215,0,0,0,0,0,0,0,0,0,12,12896,545,-10,-6,60,61,545,0,0,0,0
pit_escape_demo,LOG,1440266,0,0,0,0,0,0,0,0,0,12,12896,545,-10,-6,60,61,545,0,0,0,0
pit_escape_demo,LOG,1440317,0,0,0,0,0,0,0,0,0,12,12896,545,-10,-6,60,61,545,0,0,0,0
pit_escape_demo,LOG,1440368,0,0,0,0,0,0,0,0,0,12,12896,545,-10,-6,60,61,545,0,0,0,0
pit_escape_demo,LOG,1440419,0,0,0,0,0,0,0,0,0,12,12896,545,-10,-6,60,61,545,0,0,0,0
pit_escape_demo,LOG,1440470,0,0,0,0,0,0,0,0,0,12,12896,545,-10,-6,60,61,545,0,0,0,0
pit_escape_demo,LOG,1440521,0,0,0,0,0,0,0,0,0,12,12896,545,-10,-6,60,61,545,0,0,0,0
pit_escape_demo,LOG,1440572,0,0,0,0,0,0,0,0,0,12,12896,545,-10,-6,60,61,545,0,0,0,0
pit_escape_demo,LOG,1440623,0,0,0,0,0,0,0,0,0,12,12896,545,-10,-6,60,61,545,0,0,0,0
pit_escape_demo,LOG,1440674,0,0,0,0,0,0,0,0,0,12,12896,545,-10,-6,60,61,545,0,0,0,0
pit_escape_demo,LOG,1440776,0,0,0,0,0,0,0,0,1,12,12905,545,-10,-6,60,61,545,0,0,0,0
pit_escape_demo,LOG,1440827,0,0,0,0,0,0,0,0,1,12,12913,545,-10,-6,60,61,545,0,0,0,0
pit_escape_demo,LOG,1440878,0,0,0,0,0,0,0,0,1,12,12920,545,-10,-4,60,61,545,0,0,0,0
pit_escape_demo,LOG,1440929,0,0,0,0,0,0,0,0,1,12,12928,545,-10,-6,60,61,545,0,0,0,0
pit_escape_demo,LOG,1440980,0,0,0,0,0,0,0,0,1,12,12936,545,-32,-6,60,61,545,0,0,0,0
pit_escape_demo,LOG,1441031,0,0,0,0,0,0,0,0,1,12,12938,545,-10,-4,60,61,545,0,0,0,0
pit_escape_demo,LOG,1441082,0,0,0,0,0,0,0,0,1,12,12938,545,-10,-4,60,61,545,0,0,0,0
pit_escape_demo,LOG,1441133,0,-30,0,0,0,0,0,0,1,12,12938,545,-10,-4,60,61,545,0,0,0,0
pit_escape_demo,LOG,1441184,0,0,0,0,0,0,0,0,1,12,12938,545,-10,-4,60,61,545,0,0,0,0
pit_escape_demo,LOG,1441235,0,0,0,0,0,0,0,0,1,12,12938,545,-10,-4,60,61,545,0,0,0,0
pit_escape_demo,LOG,1441286,0,0,0,0,0,0,0,30,1,12,12938,545,-10,-4,60,61,545,0,0,0,0
pit_escape_demo,LOG,1441337,0,0,0,0,0,0,0,0,1,12,12938,545,-10,-4,60,61,545,0,0,0,0
pit_escape_demo,LOG,1441388,0,0,0,0,0,0,0,0,1,12,12938,545,-10,-4,60,61,545,0,0,0,0
pit_escape_demo,LOG,1441439,0,0,0,0,0,0,0,0,1,12,12938,545,-10,-4,60,61,545,0,0,0,0
pit_escape_demo,LOG,1441490,0,0,0,0,0,0,0,0,0,12,12938,545,-10,-4,60,61,545,0,0,0,0
pit_escape_demo,LOG,1441541,0,0,0,0,0,0,0,0,0,12,12938,545,-10,-4,60,61,545,0,0,0,0
pit_escape_demo,LOG,1441592,0,0,0,0,0,0,0,0,0,12,12938,545,-10,-4,60,61,545,0,0,0,0
pit_escape_demo,LOG,1441643,0,0,0,0,0,0,0,0,0,12,12938,545,-10,-4,60,61,545,0,0,0,0
pit_escape_demo,LOG,1441694,0,-30,0,0,0,0,0,0,0,12,12938,545,-10,-4,60,61,545,0,0,0,0
pit_escape_demo,LOG,1441745,0,0,0,0,0,0,0,0,0,12,12938,545,-10,-4,60,61,545,0,0,0,0
pit_escape_demo,LOG,1441796,0,0,0,0,0,0,0,0,0,12,12938,545,-10,-4,60,61,545,0,0,0,0
pit_escape_demo,LOG,1441847,0,0,0,0,0,0,0,0,0,12,12938,545,-10,-4,60,61,545,0,0,0,0
pit_escape_demo,LOG,1441898,0,0,0,0,0,0,0,0,0,12,12938,545,-10,-4,60,61,545,0,0,0,0
pit_escape_demo,LOG,1441949,0,-30,0,0,0,0,0,0,0,12,12938,545,-10,-4,60,61,545,0,0,0,0
pit_escape_demo,LOG,1442000,0,0,0,0,0,0,0,0,0,12,12938,545,-10,-4,60,61,545,0,0,0,0
pit_escape_demo,LOG,1442051,0,0,0,0,0,0,0,0,0,12,12938,545,-10,-4,60,61,545,0,0,0,0
pit_escape_demo,LOG,1442102,0,0,0,0,0,0,0,0,0,12,12938,545,-10,-4,60,61,545,0,0,0,0
pit_escape_demo,LOG,1442153,0,0,0,0,0,0,0,0,0,12,12938,545,-10,-4,60,61,545,0,0,0,0
pit_escape_demo,LOG,1442204,0,0,0,0,0,0,0,0,1,12,12940,545,-10,-6,60,61,545,0,0,0,0
pit_escape_demo,LOG,1442255,0,0,0,0,0,0,0,0,1,12,12948,545,-10,-6,60,61,545,0,0,0,0
pit_escape_demo,LOG,1442306,0,0,0,0,0,0,0,30,1,12,12955,545,-10,-6,60,61,545,0,0,0,
pit_escape_demo,LOG,1442357,0,0,0,0,0,0,0,0,1,12,12963,545,-10,-6,60,61,545,0,0,0,0
pit_escape_demo,LOG,1442408,0,0,0,0,0,0,0,0,1,12,12971,545,10,-4,60,61,545,0,0,0,0
pit_escape_demo,LOG,1442459,0,0,0,0,0,0,0,0,1,12,12978,545,-10,-4,60,61,545,0,0,0,0
pit_escape_demo,LOG,1442510,0,0,0,0,0,0,0,0,1,12,12980,545,-10,-4,60,61,545,0,0,0,0
pit_escape_demo,LOG,1442561,0,0,0,0,0,0,0,0,1,12,12981,545,-10,-4,60,61,545,0,0,0,0
pit_escape_demo,LOG,1442612,0,0,0,0,0,0,0,0,1,12,12981,545,-10,-4,60,61,545,0,0,0,0
pit_escape_demo,LOG,1442663,0,0,0,0,0,0,0,0,1,12,12981,545,-10,-4,60,61,545,0,0,0,0
pit_escape_demo,LOG,1442714,0,0,0,0,0,0,0,0,1,12,12981,545,-10,-4,60,61,545,0,0,0,0
pit_escape_demo,LOG,1442765,0,0,0,0,0,0,0,0,1,12,12981,545,-10,-4,60,61,545,0,0,0,0
pit_escape_demo,LOG,1442816,0,0,0,0,0,0,0,0,1,12,12981,545,-10,-4,60,61,545,0,0,0,0
pit_escape_demo,LOG,1442867,0,0,0,0,0,0,0,0,1,12,12981,545,-10,-4,60,61,545,0,0,0,0
pit_escape_demo,LOG,1442918,0,20,0,0,0,0,0,0,1,12,12981,545,-10,-4,60,61,545,0,0,0,0
pit_escape_demo,LOG,1442969,0,0,0,0,0,0,0,0,1,12,12981,545,-10,-4,60,61,545,0,0,0,0
pit_escape_demo,LOG,1443020,0,0,0,0,0,0,0,0,1,12,12981,545,-10,-4,60,61,545,0,0,0,0
pit_escape_demo,LOG,1443071,0,0,0,0,0,0,0,0,0,12,12981,545,-10,-4,60,61,545,0,0,0,0
pit_escape_demo,LOG,1443122,0,0,0,0,0,0,0,0,0,12,12981,545,-10,-4,60,61,545,0,0,0,0
pit_escape_demo,LOG,1443173,0,0,0,0,0,0,0,0,0,12,12981,545,-10,-4,60,61,545,0,0,0,0
pit_escape_demo,LOG,1443224,0,0,0,0,0,0,0,0,0,12,12981,545,-10,-4,60,61,545,0,0,0,0
pit_escape_demo,LOG,1443275,0,0,0,0,0,0,0,0,0,12,12981,545,-10,-4,60,61,545,0,0,0,0
pit_escape_demo,LOG,1443326,0,0,0,0,0,0,0,0,0,12,12981,545,-10,-4,60,61,545,0,0,0,0
pit_escape_demo,LOG,1443377,0,0,0,0,0,0,0,0,0,12,12981,545,-10,-4,60,61,545,0,0,0,0
pit_escape_demo,LOG,1443428,0,0,0,0,0,0,0,0,0,12,12981,545,-10,-4,60,61,545,0,0,0,0
pit_escape_demo,LOG,1443479,0,0,0,0,0,0,0,0,0,12,12981,545,-10,-4,60,61,545,0,0,0,0
pit_escape_demo,LOG,1443530,0,0,0,0,0,0,0,0,0,12,12981,545,-10,-4,60,61,545,0,0,0,0
pit_escape_demo,LOG,1443581,0,0,0,30,0,0,0,0,0,12,12981,545,-10,-4,60,61,545,0,0,0,0
pit_escape_demo,LOG,1443632,0,0,0,0,0,0,0,0,0,12,12981,545,-10,-4,60,61,545,0,0,0,0
pit_escape_demo,LOG,1443683,0,0,0,0,0,0,0,0,1,12,12987,545,10,-4,60,61,545,0,0,0,0
pit_escape_demo,LOG,1443734,0,0,0,0,0,0,0,30,1,12,12995,545,-10,-4,60,61,545,0,0,0,
pit_escape_demo,LOG,1443785,0,0,0,0,0,0,0,0,1,12,13003,545,-10,-6,60,61,545,0,0,0,0
pit_escape_demo,LOG,1443836,0,0,0,0,0,0,0,0,1,12,13011,545,-10,-6,60,61,545,0,0,0,0
pit_escape_demo,LOG,1443887,0,0,0,0,0,0,0,0,1,12,13019,545,-10,-4,60,61,545,0,0,0,0
pit_escape_demo,LOG,1443938,0,0,0,0,0,0,0,0,1,12,13027,545,-32,-4,60,61,545,0,0,0,0
pit_escape_demo,LOG,1443989,0,0,0,0,0,0,0,30,1,12,13029,545,10,-4,60,61,545,0,0,0,0
pit_escape_demo,LOG,1444040,0,0,0,0,0,0,0,0,1,12,13029,545,10,-4,60,61,545,0,0,0,0
pit_escape_demo,LOG,1444091,0,-30,0,0,0,0,0,0,1,12,13029,545,10,-4,60,61,545,0,0,0,0
pit_escape_demo,LOG,1444142,0,0,0,0,0,0,0,0,1,12,13029,545,10,-4,60,61,545,0,0,0,0
pit_escape_demo,LOG,1444193,0,0,0,0,0,0,0,0,1,12,13029,545,10,-4,60,61,545,0,0,0,0
pit_escape_demo,LOG,1444244,0,0,0,0,0,0,0,0,1,12,13029,545,10,-4,60,61,545,0,0,0,0
pit_escape_demo,LOG,1444295,0,0,0,0,0,0,0,0,1,12,13029,545,10,-4,60,61,545,0,0,0,0
pit_escape_demo,LOG,1444346,0,0,0,0,0,0,0,30,1,12,13029,545,10,-4,60,61,545,0,0,0,0
pit_escape_demo,LOG,1444397,0,0,0,0,0,0,0,0,1,12,13029,545,10,-4,60,61,545,0,0,0,0
pit_escape_demo,LOG,1444448,0,20,0,0,0,0,0,0,1,12,13029,545,10,-4,60,61,545,0,0,0,0
pit_escape_demo,LOG,1444499,0,0,0,0,0,0,0,0,0,12,13029,545,10,-4,60,61,545,0,0,0,0
pit_escape_demo,LOG,1444550,0,0,0,0,0,0,0,0,0,12,13029,545,10,-4,60,61,545,0,0,0,0
pit_escape_demo,LOG,1444601,0,0,0,0,0,0,0,0,0,12,13029,545,10,-4,60,61,545,0,0,0,0
pit_escape_demo,LOG,1444652,0,0,0,0,0,0,0,0,0,12,13029,545,10,-4,60,61,545,0,0,0,0
pit_escape_demo,LOG,1444703,0,0,0,0,0,0,0,0,0,12,13029,545,10,-4,60,61,545,0,0,0,0
pit_escape_demo,LOG,1444754,0,0,0,0,0,0,0,0,0,12,13029,545,10,-4,60,61,545,0,0,0,0
pit_escape_demo,LOG,1444805,0,0,0,0,0,0,0,0,0,12,13029,545,10,-4,60,61,545,0,0,0,0
pit_escape_demo,LOG,1444856,0,0,0,0,0,0,0,0,0,12,13029,545,10,-4,60,61,545,0,0,0,0
pit_escape_demo,LOG,1444907,0,0,0,0,0,0,0,0,0,12,13029,545,10,-4,60,61,545,0,0,0,0
pit_escape_demo,LOG,1444958,0,0,0,0,0,0,0,0,0,12,13029,545,10,-4,60,61,545,0,0,0,0
pit_escape_demo,LOG,1445009,0,0,0,0,0,0,0,0,0,12,13029,545,10,-4,60,61,545,0,0,0,0
pit_escape_demo,LOG,1445060,0,0,0,0,0,0,0,0,0,12,13029,545,10,-4,60,61,545,0,0,0,0
pit_escape_demo,LOG,1445111,0,0,0,0,0,0,0,0,0,12,13029,545,10,-4,60,61,545,0,0,0,0
pit_escape_demo,LOG,1445162,0,0,0,0,0,0,0,0,0,12,13029,545,10,-4,60,61,545,0,0,0,0
pit_escape_demo,LOG,1445213,0,0,0,0,0,0,0,0,1,12,13036,545,-32,-6,60,61,545,0,0,0,0
pit_escape_demo,LOG,1445264,0,0,0,0,0,0,0,0,1,12,13044,545,-10,-6,60,61,545,0,0,0,0
pit_escape_demo,LOG,1445315,0,0,0,0,0,0,0,0,1,12,13052,545,-32,-6,60,61,545,0,0,0,0
pit_escape_demo,LOG,1445366,0,0,0,0,0,0,0,0,1,12,13060,545,-10,-4,60,61,545,0,0,0,0
pit_escape_demo,LOG,1445417,0,0,0,0,0,0,0,0,1,12,13068,545,-10,-4,60,61,545,0,0,0,0
pit_escape_demo,LOG,1445468,0,0,0,0,0,0,0,0,1,12,13071,545,-10,-4,60,61,545,0,0,0,0
pit_escape_demo,LOG,1445519,0,0,0,0,0,0,0,0,1,12,13071,545,-10,-4,60,61,545,0,0,0,0
pit_escape_demo,LOG,1445570,0,0,0,0,0,0,0,0,1,12,13072,545,-32,-4,60,61,545,0,0,0,0
pit_escape_demo,LOG,1445621,0,0,0,0,0,0,0,0,1,12,13072,545,-32,-4,60,61,545,0,0,0,0
pit_escape_demo,LOG,1445672,0,0,0,0,0,0,0,0,1,12,13072,545,-32,-4,60,61,545,0,0,0,0
pit_escape_demo,LOG,1448120,0,0,0,0,0,-30,0,-20,0,12,13112,525,-10,0,60,61,525,0,0,0,
pit_escape_demo,LOG,1448273,0,0,0,0,0,0,0,0,1,12,13130,525,10,0,60,61,525,0,0,0,0
pit_escape_demo,LOG,1451027,0,0,0,0,0,0,0,0,0,12,13191,545,10,-8,60,61,644,0,0,0,0
pit_escape_demo,LOG,1451078,0,0,0,0,0,0,0,0,0,12,13191,545,10,-8,60,61,644,0,0,0,0
pit_escape_demo,LOG,1451129,0,0,0,0,0,0,0,0,1,12,13193,558,-10,0,60,60,558,0,0,0,0
pit_escape_demo,LOG,1451180,0,0,0,0,0,0,0,0,1,12,13201,558,-10,-2,60,60,558,0,0,0,0
pit_escape_demo,LOG,1451231,0,0,0,0,0,0,0,0,1,12,13208,558,-10,-2,60,60,558,0,0,0,0
pit_escape_demo,LOG,1451282,0,0,0,0,0,0,0,0,1,12,13216,558,10,0,60,60,558,0,0,0,0
pit_escape_demo,LOG,1451333,0,-30,0,0,0,0,0,0,1,12,13224,558,-10,0,60,60,558,0,0,0,
pit_escape_demo,LOG,1451384,0,0,0,0,0,0,0,0,1,12,13230,558,10,0,60,60,524,-169,0,0,0
pit_escape_demo,LOG,1451435,0,0,0,0,0,0,0,0,1,12,13230,558,10,0,60,60,451,-210,0,0,
pit_escape_demo,LOG,1451486,0,0,0,0,0,0,0,0,1,12,13231,558,-10,-2,60,60,377,-327,0,0,
pit_escape_demo,LOG,1451639,0,0,0,0,0,0,0,0,1,12,13231,558,-10,-2,60,60,158,-576,0,0,
pit_escape_demo,LOG,1451690,0,0,0,0,0,0,0,30,1,12,13231,558,-10,-2,60,60,85,-660,0,0,
pit_escape_demo,LOG,1451741,0,0,0,0,0,0,0,0,1,12,13231,558,-10,-2,60,60,12,-660,0,0,0
pit_escape_demo,LOG,1451792,0,0,0,0,0,0,0,0,1,12,13231,558,-10,-2,60,60,-60,-660,0,0,
pit_escape_demo,LOG,1452047,0,-30,0,0,0,0,0,0,0,12,13231,558,-10,-2,60,60,-391,0,0,0,
pit_escape_demo,LOG,1452098,0,0,0,0,0,0,0,0,0,12,13231,558,-10,-2,60,60,-331,577,0,0,
pit_escape_demo,LOG,1452149,0,0,0,0,0,0,0,0,0,12,13231,558,-10,-2,60,60,-258,660,0,0,
pit_escape_demo,LOG,1452200,0,0,0,0,0,0,0,0,0,12,13231,558,-10,-2,60,60,-184,660,0,0,
pit_escape_demo,LOG,1452251,0,0,0,0,0,0,0,0,0,12,13231,558,-10,-2,60,60,-111,660,0,0,
pit_escape_demo,LOG,1452302,0,0,0,0,0,0,0,0,0,12,13231,558,-10,-2,60,60,-38,660,0,0,0
pit_escape_demo,LOG,1452353,0,0,0,0,0,0,0,0,0,12,13231,558,-10,-2,60,60,34,660,0,0,0
pit_escape_demo,LOG,1452455,0,0,0,0,0,0,0,0,0,12,13231,558,-10,-2,60,60,180,660,0,0,0
pit_escape_demo,LOG,1452506,0,0,0,0,0,0,0,0,0,12,13231,558,-10,-2,60,60,253,660,0,0,0
pit_escape_demo,LOG,1452557,0,0,0,0,0,0,0,0,0,12,13231,558,-10,-2,60,60,326,660,0,0,0
pit_escape_demo,LOG,1452659,0,0,0,0,0,0,0,0,1,12,13240,558,-10,0,60,60,472,660,0,0,
pit_escape_demo,LOG,1452812,0,0,0,0,0,0,0,0,1,12,13263,558,10,0,60,60,691,660,0,0,0
pit_escape_demo,LOG,1452863,0,0,0,0,0,0,0,0,1,12,13269,558,-10,-2,60,60,764,380,0,0,0
pit_escape_demo,LOG,1452914,0,0,0,0,0,0,0,0,1,12,13270,558,10,0,60,60,532,-173,0,0,0
pit_escape_demo,LOG,1452965,0,20,0,0,0,0,0,0,1,12,13270,558,10,0,60,60,459,-542,0,0,0
pit_escape_demo,LOG,1453016,0,0,0,0,0,0,0,0,1,12,13270,558,10,0,60,60,386,-409,0,0,0
pit_escape_demo,LOG,1453067,0,0,0,0,0,0,0,0,1,12,13270,558,10,0,60,60,313,-313,0,0,0
pit_escape_demo,LOG,1453118,0,0,0,0,0,0,0,0,1,12,13270,558,10,0,60,60,558,0,0,0,0
pit_escape_demo,LOG,1453169,0,0,0,30,0,0,0,0,1,12,13270,558,10,0,60,60,631,660,0,0,0
pit_escape_demo,LOG,1453220,0,0,0,0,0,-30,0,0,1,12,13270,558,10,0,60,60,704,660,0,0,0
pit_escape_demo,LOG,1453271,0,0,0,30,0,0,0,0,1,12,13270,558,10,0,60,60,777,660,0,0,0
pit_escape_demo,LOG,1453322,0,0,0,0,0,0,0,0,1,12,13270,558,10,0,60,60,850,660,0,0,0
pit_escape_demo,LOG,1453373,0,0,0,0,0,0,0,0,1,12,13270,558,10,0,60,60,923,660,0,0,0
pit_escape_demo,LOG,1453424,0,0,0,0,0,0,0,0,0,12,13270,558,10,0,60,60,996,660,0,0,0
pit_escape_demo,LOG,1453475,0,0,0,0,0,0,0,0,0,12,13270,558,10,0,60,60,1069,660,0,0,0
pit_escape_demo,LOG,1453526,0,0,0,0,0,0,0,0,0,12,13270,558,10,0,60,60,1142,660,0,0,0
pit_escape_demo,LOG,1453577,0,0,0,0,0,0,0,0,0,12,13270,558,10,0,60,60,1215,271,0,0,0
pit_escape_demo,LOG,1453628,0,0,0,0,0,0,0,0,0,12,13270,558,10,0,60,60,1181,-168,0,0,0
pit_escape_demo,LOG,1453679,0,0,0,0,0,0,0,0,0,12,13270,558,10,0,60,60,1108,-642,0,0,0
pit_escape_demo,LOG,1453730,0,0,0,0,0,0,0,0,0,12,13270,558,10,0,60,60,1035,-660,0,0,0
pit_escape_demo,LOG,1453781,0,0,0,0,0,0,0,0,0,12,13270,558,10,0,60,60,962,-660,0,0,0
pit_escape_demo,LOG,1453832,0,0,0,0,0,0,0,0,0,12,13270,558,10,0,60,60,889,-660,0,0,0
pit_escape_demo,LOG,1453883,0,0,0,0,0,0,0,0,0,12,13270,558,10,0,60,60,816,-132,0,0,0
pit_escape_demo,LOG,1453934,0,0,0,0,0,-30,0,0,0,12,13270,558,10,0,60,60,829,374,0,0,0
pit_escape_demo,LOG,1453985,0,0,0,0,0,0,0,0,0,12,13270,558,10,0,60,60,902,660,0,0,0
pit_escape_demo,LOG,1454036,0,0,0,0,0,0,0,0,0,12,13270,558,10,0,60,60,975,660,0,0,0
pit_escape_demo,LOG,1454291,0,0,0,0,0,0,0,0,1,12,13303,558,-10,0,60,60,558,0,0,0,0
pit_escape_demo,LOG,1454342,0,0,0,0,0,0,0,0,1,12,13310,558,-32,0,60,60,558,0,0,0,0
pit_escape_demo,LOG,1454393,0,0,0,0,0,0,0,0,1,12,13311,558,-32,0,60,60,558,0,0,0,0
pit_escape_demo,LOG,1454444,0,0,0,0,0,0,0,0,1,12,13311,558,-32,0,60,60,558,0,0,0,0
pit_escape_demo,LOG,1454495,0,0,0,0,0,0,0,0,1,12,13311,558,-32,0,60,60,558,0,0,0,0
pit_escape_demo,LOG,1454546,0,0,0,0,0,0,0,0,1,12,13311,558,-32,0,60,60,558,0,0,0,0
pit_escape_demo,LOG,1454597,0,0,0,0,0,0,0,0,1,12,13311,558,-32,0,60,60,558,0,0,0,0
pit_escape_demo,LOG,1454648,0,0,0,0,0,0,0,0,1,12,13311,558,-32,0,60,60,558,0,0,0,0
pit_escape_demo,LOG,1454699,0,0,0,0,0,0,0,0,1,12,13311,558,-32,0,60,60,558,0,0,0,0
pit_escape_demo,LOG,1454750,0,0,0,0,0,0,0,0,1,12,13311,558,-32,0,60,60,558,0,0,0,0
pit_escape_demo,LOG,1454801,0,0,0,0,0,0,0,0,1,12,13311,558,-32,0,60,60,558,0,0,0,0
pit_escape_demo,LOG,1454852,0,0,0,0,0,0,0,0,0,12,13311,558,-32,0,60,60,558,0,0,0,0
pit_escape_demo,LOG,1454903,0,0,0,0,0,0,0,0,0,12,13311,558,-32,0,60,60,558,0,0,0,0
pit_escape_demo,LOG,1454954,0,0,0,0,0,0,0,0,0,12,13311,558,-32,0,60,60,558,0,0,0,0
pit_escape_demo,LOG,1455005,0,0,0,0,0,0,0,0,0,12,13311,558,-32,0,60,60,558,0,0,0,0
pit_escape_demo,LOG,1455056,0,0,0,0,0,0,0,0,0,12,13311,558,-32,0,60,60,558,0,0,0,0
pit_escape_demo,LOG,1455107,0,0,0,0,0,0,0,0,0,12,13311,558,-32,0,60,60,558,0,0,0,0
pit_escape_demo,LOG,1455158,0,0,0,0,0,0,0,0,0,12,13311,558,-32,0,60,60,558,0,0,0,0
pit_escape_demo,LOG,1455209,0,0,0,0,0,0,0,0,0,12,13311,558,-32,0,60,60,558,0,0,0,0
pit_escape_demo,LOG,1455260,0,0,0,0,0,0,0,0,0,12,13311,558,-32,0,60,60,558,0,0,0,0
pit_escape_demo,LOG,1455311,0,0,0,0,0,0,0,0,0,12,13311,558,-32,0,60,60,558,0,0,0,0
pit_escape_demo,LOG,1455362,0,0,0,0,0,0,0,0,0,12,13311,558,-32,0,60,60,558,0,0,0,0
pit_escape_demo,LOG,1455413,0,0,0,30,0,0,0,0,0,12,13311,558,-32,0,60,60,558,0,0,0,0
pit_escape_demo,LOG,1455464,0,0,0,0,0,0,0,0,0,12,13311,558,-32,0,60,60,558,0,0,0,0
pit_escape_demo,LOG,1455515,0,0,0,0,0,0,0,0,0,12,13311,558,-32,0,60,60,558,0,0,0,0
pit_escape_demo,LOG,1455566,0,0,0,0,0,0,0,0,0,12,13311,558,-32,0,60,60,558,0,0,0,0
pit_escape_demo,LOG,1455617,0,0,0,0,0,0,0,0,1,12,13319,558,-10,-2,60,60,558,0,0,0,0
pit_escape_demo,LOG,1455668,0,0,0,0,0,0,0,0,1,12,13327,558,-10,0,60,60,558,0,0,0,0
pit_escape_demo,LOG,1455719,0,0,0,0,0,0,0,0,1,12,13335,558,-10,-2,60,60,558,0,0,0,0
pit_escape_demo,LOG,1455770,0,0,0,0,0,0,0,0,1,12,13342,558,-10,-2,60,60,558,0,0,0,0
pit_escape_demo,LOG,1455821,0,0,0,0,0,0,0,0,1,12,13350,558,10,-2,60,60,558,0,0,0,0
pit_escape_demo,LOG,1455872,0,0,0,0,0,0,0,0,1,12,13351,558,10,-2,60,60,558,0,0,0,0
pit_escape_demo,LOG,1455923,0,0,0,0,0,0,0,0,1,12,13351,558,10,-2,60,60,558,0,0,0,0
pit_escape_demo,LOG,1455974,0,0,0,0,0,0,0,0,1,12,13351,558,10,-2,60,60,558,0,0,0,0
pit_escape_demo,LOG,1456025,0,0,0,0,0,0,0,0,1,12,13352,558,-10,-2,60,60,558,0,0,0,0
pit_escape_demo,LOG,1456076,0,0,0,0,0,0,0,0,1,12,13352,558,-10,-2,60,60,558,0,0,0,0
pit_escape_demo,LOG,1456127,0,0,0,0,0,0,0,0,1,12,13352,558,-10,-2,60,60,558,0,0,0,0
pit_escape_demo,LOG,1456178,0,0,0,0,0,0,0,0,1,12,13352,558,-10,-2,60,60,558,0,0,0,0
pit_escape_demo,LOG,1456229,0,0,0,0,0,0,0,0,1,12,13352,558,-10,-2,60,60,558,0,0,0,0
pit_escape_demo,LOG,1456280,0,0,0,0,0,0,0,0,1,12,13352,558,-10,-2,60,60,558,0,0,0,0
pit_escape_demo,LOG,1456331,0,0,0,0,0,-30,0,0,1,12,13352,558,-10,-2,60,60,558,0,0,0,0
pit_escape_demo,LOG,1456382,0,0,0,0,0,0,0,0,1,12,13352,558,-10,-2,60,60,558,0,0,0,0
pit_escape_demo,LOG,1456433,0,0,0,0,0,0,0,0,1,12,13352,558,-10,-2,60,60,558,0,0,0,0
pit_escape_demo,LOG,1456484,0,0,0,0,0,0,0,0,1,12,13352,558,-10,-2,60,60,558,0,0,0,0
pit_escape_demo,LOG,1456535,0,0,0,0,0,0,0,0,0,12,13352,558,-10,-2,60,60,558,0,0,0,0
pit_escape_demo,LOG,1456586,0,0,0,0,0,0,0,0,0,12,13352,558,-10,-2,60,60,558,0,0,0,0
pit_escape_demo,LOG,1456637,0,0,0,0,0,0,0,0,0,12,13352,558,-10,-2,60,60,558,0,0,0,0
pit_escape_demo,LOG,1456688,0,0,0,0,0,0,0,0,0,12,13352,558,-10,-2,60,60,558,0,0,0,0
pit_escape_demo,LOG,1456739,0,0,0,0,0,0,0,0,0,12,13352,558,-10,-2,60,60,558,0,0,0,0
pit_escape_demo,LOG,1456790,0,0,0,0,0,0,0,0,0,12,13352,558,-10,-2,60,60,558,0,0,0,0
pit_escape_demo,LOG,1456841,0,0,0,0,0,0,0,0,0,12,13352,558,-10,-2,60,60,558,0,0,0,0
pit_escape_demo,LOG,1456892,0,0,0,0,0,0,0,0,0,12,13352,558,-10,-2,60,60,558,0,0,0,0
pit_escape_demo,LOG,1456943,0,0,0,30,0,0,0,0,0,12,13352,558,-10,-2,60,60,558,0,0,0,0
pit_escape_demo,LOG,1456994,0,0,0,0,0,0,0,0,0,12,13352,558,-10,-2,60,60,558,0,0,0,0
pit_escape_demo,LOG,1457045,0,0,0,0,0,0,0,0,1,12,13354,558,-10,0,60,60,558,0,0,0,0
pit_escape_demo,LOG,1457096,0,0,0,0,0,0,0,0,1,12,13361,558,-10,0,60,60,558,0,0,0,0
pit_escape_demo,LOG,1457147,0,0,0,0,0,0,0,0,1,12,13369,558,-32,0,60,60,558,0,0,0,0
pit_escape_demo,LOG,1457198,0,0,0,0,0,0,0,-20,1,12,13377,558,-10,0,60,60,558,0,0,0,
pit_escape_demo,LOG,1457249,0,0,0,0,0,0,0,30,1,12,13385,558,-32,0,60,60,558,0,0,0,0
pit_escape_demo,LOG,1457300,0,0,0,0,0,0,0,0,1,12,13390,558,-10,0,60,60,558,0,0,0,0
pit_escape_demo,LOG,1457351,0,0,0,0,0,-30,0,0,1,12,13391,558,-10,0,60,60,558,0,0,0,0
pit_escape_demo,LOG,1457402,0,0,0,0,0,0,0,0,1,12,13391,558,-10,0,60,60,558,0,0,0,0
pit_escape_demo,LOG,1457453,0,-30,0,0,0,0,0,0,1,12,13391,558,-10,0,60,60,558,0,0,0,0
pit_escape_demo,LOG,1457504,0,0,0,0,0,0,0,0,1,12,13391,558,-10,0,60,60,558,0,0,0,0
pit_escape_demo,LOG,1457555,0,0,0,0,0,0,0,0,1,12,13391,558,-10,0,60,60,558,0,0,0,0
pit_escape_demo,LOG,1457606,0,0,0,0,0,0,0,0,1,12,13391,558,-10,0,60,60,558,0,0,0,0
pit_escape_demo,LOG,1457657,0,0,0,0,0,0,0,0,1,12,13391,558,-10,0,60,60,558,0,0,0,0
pit_escape_demo,LOG,1457708,0,0,0,0,0,0,0,0,1,12,13391,558,-10,0,60,60,558,0,0,0,0
pit_escape_demo,LOG,1457759,0,0,0,0,0,0,0,0,1,12,13391,558,-10,0,60,60,558,0,0,0,0
pit_escape_demo,LOG,1457810,0,0,0,0,0,0,0,0,1,12,13391,558,-10,0,60,60,558,0,0,0,0
pit_escape_demo,LOG,1457861,0,0,0,0,0,0,0,0,0,12,13391,558,-10,0,60,60,558,0,0,0,0
pit_escape_demo,LOG,1457912,0,0,0,0,0,-30,0,0,0,12,13391,558,-10,0,60,60,558,0,0,0,0
pit_escape_demo,LOG,1457963,0,0,0,0,0,0,0,0,0,12,13391,558,-10,0,60,60,558,0,0,0,0
pit_escape_demo,LOG,1458014,0,0,0,0,0,0,0,0,0,12,13391,558,-10,0,60,60,558,0,0,0,0
pit_escape_demo,LOG,1458065,0,0,0,0,0,0,0,0,0,12,13391,558,-10,0,60,60,558,0,0,0,0
pit_escape_demo,LOG,1458116,0,0,0,30,0,0,0,0,0,12,13391,558,-10,0,60,60,558,0,0,0,0
pit_escape_demo,LOG,1458167,0,0,0,0,0,0,0,0,0,12,13391,558,-10,0,60,60,558,0,0,0,0
pit_escape_demo,LOG,1458218,0,0,0,0,0,0,0,0,0,12,13391,558,-10,0,60,60,558,0,0,0,0
pit_escape_demo,LOG,1458269,0,0,0,0,0,0,0,0,0,12,13391,558,-10,0,60,60,558,0,0,0,0
pit_escape_demo,LOG,1458320,0,0,0,0,0,0,0,0,0,12,13391,558,-10,0,60,60,558,0,0,0,0
pit_escape_demo,LOG,1458371,0,0,0,0,0,0,0,0,0,12,13391,558,-10,0,60,60,558,0,0,0,0
pit_escape_demo,LOG,1458422,0,0,0,0,0,0,0,0,0,12,13391,558,-10,0,60,60,558,0,0,0,0
pit_escape_demo,LOG,1458473,0,0,0,0,0,0,0,0,0,12,13391,558,-10,0,60,60,558,0,0,0,0
pit_escape_demo,LOG,1458524,0,0,0,0,0,0,0,0,1,12,13394,558,-10,-2,60,60,558,0,0,0,0
pit_escape_demo,LOG,1458575,0,0,0,0,0,0,0,0,1,12,13401,558,-10,-2,60,60,558,0,0,0,0
pit_escape_demo,LOG,1458626,0,0,0,0,0,0,0,0,1,12,13409,558,-10,-2,60,60,558,0,0,0,0
pit_escape_demo,LOG,1458677,0,0,0,0,0,0,0,0,1,12,13417,558,-10,-2,60,60,558,0,0,0,0
pit_escape_demo,LOG,1458728,0,0,0,0,0,0,0,0,1,12,13425,558,-32,-2,60,60,558,0,0,0,0
pit_escape_demo,LOG,1458779,0,0,0,0,0,-30,0,0,1,12,13432,558,10,-2,60,60,558,0,0,0,
pit_escape_demo,LOG,1458830,0,0,0,0,0,0,0,0,1,12,13435,558,-10,-2,60,60,558,0,0,0,0
pit_escape_demo,LOG,1458881,0,0,0,0,0,0,0,0,1,12,13435,558,-10,-2,60,60,558,0,0,0,0
pit_escape_demo,LOG,1458932,0,0,0,0,0,0,0,0,1,12,13435,558,-10,-2,60,60,558,0,0,0,0
pit_escape_demo,LOG,1458983,0,0,0,0,0,0,0,0,1,12,13435,558,-10,-2,60,60,558,0,0,0,0
pit_escape_demo,LOG,1459034,0,0,0,0,0,0,0,0,1,12,13435,558,-10,-2,60,60,558,0,0,0,0
pit_escape_demo,LOG,1459085,0,0,0,0,0,20,0,0,1,12,13435,558,-10,-2,60,60,558,0,0,0,0
pit_escape_demo,LOG,1459136,0,0,0,0,0,0,0,0,1,12,13435,558,-10,-2,60,60,558,0,0,0,0
pit_escape_demo,LOG,1459187,0,-30,0,0,0,0,0,0,1,12,13435,558,-10,-2,60,60,558,0,0,0,0
pit_escape_demo,LOG,1459238,0,0,0,0,0,0,0,0,1,12,13435,558,-10,-2,60,60,558,0,0,0,0
pit_escape_demo,LOG,1459289,0,0,0,0,0,0,0,0,1,12,13435,558,-10,-2,60,60,558,0,0,0,0
pit_escape_demo,LOG,1459340,0,0,0,0,0,0,0,0,0,12,13435,558,-10,-2,60,60,558,0,0,0,0
